timestamp,epoch,glacier,subset,loss,point_annual_error,point_annual_mse,point_annual_n,point_summer_error,point_summer_mse,point_summer_n,point_winter_error,point_winter_mse,point_winter_n,reg_ti,total_annual_error,total_annual_mse,total_annual_n,total_summer_error,total_summer_mse,total_summer_n,total_winter_error,total_winter_mse,total_winter_n
2025-12-11 13:43:19.025943,0,Schwarzberg,train,1.8144087,59.228073,1.7100501,34.635284,0,,0,0,,0,0.00028160497,9.148621,0.50825673,18,6.868563,0.38158685,18,2.7166612,0.15092562,18
2025-12-11 13:43:21.033294,0,Schwarzberg,val,1.0317705,13.293998,0.8862666,15.0,0,,0,0,,0,0.00066853006,1.1795461,0.19659102,6,3.53002,0.882505,4,1.4770281,0.36925703,4
2025-12-11 13:43:40.978103,1,Schwarzberg,train,1.6774892,54.77001,1.5813357,34.635284,0,,0,0,,0,0.00066853006,8.195401,0.45530006,18,6.3728995,0.35404998,18,2.6189885,0.14549936,18
2025-12-11 13:43:41.070048,1,Schwarzberg,val,0.9341011,11.883845,0.7922564,15.0,0,,0,0,,0,0.0014201037,1.0246327,0.17077212,6,3.3562412,0.8390603,4,1.5776541,0.39441353,4
2025-12-11 13:43:41.609745,2,Schwarzberg,train,1.5453254,50.446907,1.4565178,34.635284,0,,0,0,,0,0.0014201037,7.3022127,0.40567848,18,5.8959975,0.32755542,18,2.5315256,0.14064032,18
2025-12-11 13:43:41.663823,2,Schwarzberg,val,0.8438518,10.572086,0.7048058,15.0,0,,0,0,,0,0.0024484114,0.89629483,0.14938247,6,3.1850972,0.7962743,4,1.6812745,0.42031863,4
2025-12-11 13:43:42.184621,3,Schwarzberg,train,1.4180433,46.26599,1.3358052,34.635284,0,,0,0,,0,0.0024484114,6.4699864,0.3594437,18,5.4378605,0.30210337,18,2.4542878,0.13634932,18
2025-12-11 13:43:42.236379,3,Schwarzberg,val,0.76085114,9.355988,0.6237325,15.0,0,,0,0,,0,0.0036782853,0.79577786,0.13262965,6,3.0189838,0.75474596,4,1.78811,0.4470275,4
2025-12-11 13:43:42.747696,4,Schwarzberg,train,1.2958189,42.23522,1.2194276,34.635284,0,,0,0,,0,0.0036782853,5.699774,0.31665412,18,5.001205,0.27784473,18,2.3873608,0.13263115,18
2025-12-11 13:43:42.798601,4,Schwarzberg,val,0.68525505,8.237549,0.54916996,15.0,0,,0,0,,0,0.0051266253,0.72420865,0.12070145,6,2.8569589,0.7142397,4,1.8985767,0.47464418,4
2025-12-11 13:43:43.315696,5,Schwarzberg,train,1.1788406,38.360466,1.1075546,34.635284,0,,0,0,,0,0.0051266253,4.9926805,0.27737114,18,4.5862536,0.2547919,18,2.3297632,0.12943129,18
2025-12-11 13:43:43.366206,5,Schwarzberg,val,0.6176151,7.2248964,0.4816598,15.0,0,,0,0,,0,0.006827251,0.68144476,0.11357413,6,2.6991637,0.6747909,4,2.0116634,0.50291586,4
2025-12-11 13:43:43.880650,6,Schwarzberg,train,1.0674049,34.650337,1.0004346,34.635284,0,,0,0,,0,0.006827251,4.350047,0.24166928,18,4.1943192,0.23301774,18,2.2813823,0.12674347,18
2025-12-11 13:43:43.931419,6,Schwarzberg,val,0.5583402,6.3223786,0.42149192,15.0,0,,0,0,,0,0.008799956,0.6692587,0.11154312,6,2.5476065,0.6369016,4,2.128152,0.532038,4
2025-12-11 13:43:44.450147,7,Schwarzberg,train,0.9618081,31.11348,0.8983174,34.635284,0,,0,0,,0,0.008799956,3.7734046,0.20963359,18,3.8287735,0.21270964,18,2.242142,0.12456344,18
2025-12-11 13:43:44.501213,7,Schwarzberg,val,0.50773126,5.5347157,0.36898106,15.0,0,,0,0,,0,0.01104523,0.6888815,0.11481359,6,2.4006548,0.6001637,4,2.2482893,0.56207234,4
2025-12-11 13:43:45.017941,8,Schwarzberg,train,0.86229724,27.758173,0.801442,34.635284,0,,0,0,,0,0.01104523,3.2647474,0.18137486,18,3.4897473,0.19387485,18,2.2112973,0.12284985,18
2025-12-11 13:43:45.071066,8,Schwarzberg,val,0.46620664,4.868292,0.3245528,15.0,0,,0,0,,0,0.013547636,0.7398529,0.12330882,6,2.2597828,0.5649457,4,2.3712296,0.5928074,4
2025-12-11 13:43:45.596032,9,Schwarzberg,train,0.76913744,24.593433,0.71006876,34.635284,0,,0,0,,0,0.013547636,2.825855,0.15699194,18,3.178755,0.1765975,18,2.1891794,0.12162108,18
2025-12-11 13:43:45.647869,9,Schwarzberg,val,0.43414158,4.3278775,0.2885252,15.0,0,,0,0,,0,0.0162926,0.8238575,0.13730958,6,2.1262696,0.5315674,4,2.4974432,0.6243608,4
2025-12-11 13:43:46.164645,10,Schwarzberg,train,0.68256426,21.627277,0.62442905,34.635284,0,,0,0,,0,0.0162926,2.457527,0.13652928,18,2.8987672,0.16104263,18,2.175375,0.12085417,18
2025-12-11 13:43:46.218385,10,Schwarzberg,val,0.41178718,3.9173968,0.2611598,15.0,0,,0,0,,0,0.019277817,0.94302225,0.15717039,6,1.9982294,0.49955735,4,2.6270719,0.65676796,4
2025-12-11 13:43:46.745469,11,Schwarzberg,train,0.6027805,18.866552,0.5447206,34.635284,0,,0,0,,0,0.019277817,2.1617382,0.120096564,18,2.649806,0.14721145,18,2.1692338,0.12051299,18
2025-12-11 13:43:46.797304,11,Schwarzberg,val,0.39938933,3.6402338,0.24268226,15.0,0,,0,0,,0,0.022507012,1.0964458,0.18274097,6,1.8772445,0.46931112,4,2.7597938,0.68994844,4
2025-12-11 13:43:47.309144,12,Schwarzberg,train,0.5300152,16.318281,0.47114617,34.635284,0,,0,0,,0,0.022507012,1.9406846,0.10781581,18,2.4331298,0.13517387,18,2.1713457,0.12063032,18
2025-12-11 13:43:47.360749,12,Schwarzberg,val,0.39725137,3.5009367,0.2333958,15.0,0,,0,0,,0,0.025967672,1.284501,0.2140835,6,1.7645829,0.44114572,4,2.8945994,0.72364986,4
2025-12-11 13:43:48.057589,13,Schwarzberg,train,0.46472412,13.997769,0.40414765,34.635284,0,,0,0,,0,0.025967672,1.795879,0.09977106,18,2.2524316,0.1251351,18,2.1812744,0.12118191,18
2025-12-11 13:43:48.109874,13,Schwarzberg,val,0.40566254,3.503632,0.23357548,15.0,0,,0,0,,0,0.029624471,1.5100846,0.2516808,6,1.6598505,0.41496262,4,3.0319304,0.7579826,4
2025-12-11 13:43:48.622275,14,Schwarzberg,train,0.4074289,11.923957,0.34427196,34.635284,0,,0,0,,0,0.029624471,1.7284063,0.096022576,18,2.1095316,0.1171962,18,2.197911,0.12210617,18
2025-12-11 13:43:48.674210,14,Schwarzberg,val,0.424617,3.65009,0.24333934,15.0,0,,0,0,,0,0.0334331,1.770591,0.2950985,6,1.5634522,0.39086306,4,3.1699343,0.79248357,4
2025-12-11 13:43:49.188207,15,Schwarzberg,train,0.35853395,10.111884,0.29195327,34.635284,0,,0,0,,0,0.0334331,1.7404299,0.09669055,18,2.0049062,0.11138368,18,2.2212238,0.12340132,18
2025-12-11 13:43:49.239792,15,Schwarzberg,val,0.45387745,3.9385397,0.26256934,15.0,0,,0,0,,0,0.037347544,2.060781,0.3434635,6,1.4775496,0.3693874,4,3.3070192,0.8267548,4
2025-12-11 13:43:49.757284,16,Schwarzberg,train,0.31826118,8.571201,0.24747021,34.635284,0,,0,0,,0,0.037347544,1.828128,0.101562664,18,1.9407344,0.10781858,18,2.2509506,0.12505281,18
2025-12-11 13:43:49.809315,16,Schwarzberg,val,0.49289224,4.362113,0.29080755,15.0,0,,0,0,,0,0.04131737,2.3779778,0.39632964,6,1.4024181,0.35060453,4,3.4429545,0.86073864,4
2025-12-11 13:43:50.321321,17,Schwarzberg,train,0.2866005,7.304754,0.21090497,34.635284,0,,0,0,,0,0.04131737,1.986426,0.110357,18,1.9164636,0.106470205,18,2.2851844,0.12695469,18
2025-12-11 13:43:50.377089,17,Schwarzberg,val,0.54067004,4.9081135,0.3272076,15.0,0,,0,0,,0,0.045279983,2.719898,0.45331633,6,1.337798,0.3344495,4,3.576234,0.8940585,4
2025-12-11 13:43:50.902293,18,Schwarzberg,train,0.26331592,6.308172,0.18213138,34.635284,0,,0,0,,0,0.045279983,2.2094927,0.1227496,18,1.930427,0.107245944,18,2.3229005,0.12905003,18
2025-12-11 13:43:50.955327,18,Schwarzberg,val,0.5957617,5.5578465,0.37052312,15.0,0,,0,0,,0,0.049155977,3.0806355,0.5134393,6,1.2837694,0.32094234,4,3.7057786,0.92644465,4
2025-12-11 13:43:51.472602,19,Schwarzberg,train,0.24789739,5.569149,0.1607941,34.635284,0,,0,0,,0,0.049155977,2.4880235,0.13822353,18,1.9793068,0.10996149,18,2.3631878,0.13128822,18
2025-12-11 13:43:51.524136,19,Schwarzberg,val,0.65617037,6.2867737,0.41911826,15.0,0,,0,0,,0,0.052852243,3.4489708,0.5748285,6,1.2397206,0.30993015,4,3.8289595,0.95723987,4
2025-12-11 13:43:52.037471,20,Schwarzberg,train,0.23956238,5.0671635,0.14630061,34.635284,0,,0,0,,0,0.052852243,2.810257,0.15612538,18,2.0586863,0.114371456,18,2.4047687,0.13359827,18
2025-12-11 13:43:52.091968,20,Schwarzberg,val,0.7195463,7.0649223,0.47099486,15.0,0,,0,0,,0,0.05627205,3.8132124,0.6355354,6,1.205464,0.301366,4,3.9435709,0.9858927,4
2025-12-11 13:43:52.612975,21,Schwarzberg,train,0.23726837,4.7735176,0.13782239,34.635284,0,,0,0,,0,0.05627205,3.162502,0.17569456,18,2.1624694,0.12013719,18,2.4463387,0.13590771,18
2025-12-11 13:43:52.664622,21,Schwarzberg,val,0.7832966,7.858075,0.5238717,15.0,0,,0,0,,0,0.059325665,4.163884,0.6939807,6,1.1798369,0.29495922,4,4.0482106,1.0120527,4
2025-12-11 13:43:53.180469,22,Schwarzberg,train,0.2397383,4.652339,0.13432369,34.635284,0,,0,0,,0,0.059325665,3.526248,0.19590266,18,2.283031,0.12683506,18,2.4867334,0.13815185,18
2025-12-11 13:43:53.234131,22,Schwarzberg,val,0.8447244,8.629985,0.57533234,15.0,0,,0,0,,0,0.0619375,4.493059,0.7488432,6,1.1615294,0.29038236,4,4.141281,1.0353203,4
2025-12-11 13:43:53.747526,23,Schwarzberg,train,0.24555787,4.6624765,0.13461637,34.635284,0,,0,0,,0,0.0619375,3.884647,0.21581371,18,2.4122093,0.13401163,18,2.5238643,0.14021468,18
2025-12-11 13:43:53.799540,23,Schwarzberg,val,0.9011844,9.34536,0.62302405,15.0,0,,0,0,,0,0.06405125,4.790271,0.79837847,6,1.1488519,0.28721297,4,4.221997,1.0554992,4
2025-12-11 13:43:54.311348,24,Schwarzberg,train,0.25327256,4.7606115,0.13744976,34.635284,0,,0,0,,0,0.06405125,4.2211065,0.23450592,18,2.5410278,0.1411682,18,2.5567467,0.14204149,18
2025-12-11 13:43:54.362852,24,Schwarzberg,val,0.95034736,9.973239,0.66488266,15.0,0,,0,0,,0,0.065633796,5.04679,0.8411317,6,1.1404655,0.28511637,4,4.2882442,1.0720611,4
2025-12-11 13:43:54.874983,25,Schwarzberg,train,0.2615114,4.905091,0.1416212,34.635284,0,,0,0,,0,0.065633796,4.5204773,0.25113764,18,2.6611383,0.14784102,18,2.5845356,0.14358531,18
2025-12-11 13:43:54.927222,25,Schwarzberg,val,0.99045765,10.489574,0.699305,15.0,0,,0,0,,0,0.06667726,5.255989,0.8759982,6,1.135097,0.28377426,4,4.3399267,1.0849817,4
2025-12-11 13:43:55.436779,26,Schwarzberg,train,0.26910803,5.059432,0.1460774,34.635284,0,,0,0,,0,0.06667726,4.771241,0.26506895,18,2.765661,0.15364784,18,2.6067052,0.14481695,18
2025-12-11 13:43:55.488983,26,Schwarzberg,val,1.0203707,10.878453,0.7252303,15.0,0,,0,0,,0,0.06719635,5.413683,0.9022805,6,1.1315535,0.28288838,4,4.3770895,1.0942724,4
2025-12-11 13:43:56.003558,27,Schwarzberg,train,0.27517352,5.195052,0.14999306,34.635284,0,,0,0,,0,0.06719635,4.9648967,0.2758276,18,2.8494637,0.15830354,18,2.6227784,0.14570992,18
2025-12-11 13:43:56.055089,27,Schwarzberg,val,1.0396031,11.132566,0.7421711,15.0,0,,0,0,,0,0.067222975,5.5189924,0.9198321,6,1.1290605,0.28226513,4,4.3999724,1.0999931,4
2025-12-11 13:43:56.567514,28,Schwarzberg,train,0.27913645,5.29258,0.1528089,34.635284,0,,0,0,,0,0.067222975,5.0967765,0.28315425,18,2.9092777,0.16162653,18,2.6327677,0.14626487,18
2025-12-11 13:43:56.618831,28,Schwarzberg,val,1.0482746,11.2527,0.75018,15.0,0,,0,0,,0,0.06679904,5.573154,0.928859,6,1.1271491,0.28178728,4,4.409239,1.1023097,4
2025-12-11 13:43:57.140480,29,Schwarzberg,train,0.28073746,5.341897,0.1542328,34.635284,0,,0,0,,0,0.06679904,5.1662803,0.2870156,18,2.943868,0.16354822,18,2.6368632,0.1464924,18
2025-12-11 13:43:57.193809,29,Schwarzberg,val,1.0470043,11.246419,0.7497613,15.0,0,,0,0,,0,0.065971956,5.5790825,0.9298471,6,1.125511,0.28137776,4,4.4059453,1.1014863,4
2025-12-11 13:43:57.704809,30,Schwarzberg,train,0.27999204,5.3411946,0.15421252,34.635284,0,,0,0,,0,0.065971956,5.176111,0.28756174,18,2.9538164,0.16410092,18,2.6354313,0.14641285,18
2025-12-11 13:43:57.755626,30,Schwarzberg,val,1.03681,11.126613,0.7417742,15.0,0,,0,0,,0,0.064793594,5.541339,0.9235565,6,1.1240749,0.28101873,4,4.3913894,1.0978473,4
2025-12-11 13:43:58.263165,31,Schwarzberg,train,0.2771337,5.2952147,0.15288498,34.635284,0,,0,0,,0,0.064793594,5.131715,0.28509527,18,2.9411893,0.16339941,18,2.629017,0.1460565,18
2025-12-11 13:43:58.315845,31,Schwarzberg,val,1.0189883,10.909885,0.72732574,15.0,0,,0,0,,0,0.06332063,5.4656544,0.91094244,6,1.122955,0.28073874,4,4.366954,1.0917385,4
2025-12-11 13:43:58.841068,32,Schwarzberg,train,0.27255127,5.213299,0.15051988,34.635284,0,,0,0,,0,0.06332063,5.0405064,0.28002813,18,2.9091403,0.1616189,18,2.6182878,0.14546044,18
2025-12-11 13:43:58.894819,32,Schwarzberg,val,0.9949891,10.614881,0.70765877,15.0,0,,0,0,,0,0.061612602,5.358445,0.8930742,6,1.1223735,0.28059337,4,4.334037,1.0835092,4
2025-12-11 13:43:59.405323,33,Schwarzberg,train,0.26672384,5.107454,0.14746389,34.635284,0,,0,0,,0,0.061612602,4.911072,0.2728373,18,2.861475,0.15897083,18,2.60398,0.14466555,18
2025-12-11 13:43:59.457945,33,Schwarzberg,val,0.96631205,10.260916,0.6840611,15.0,0,,0,0,,0,0.059728175,5.226397,0.8710662,6,1.1225935,0.28064838,4,4.2940516,1.0735129,4
2025-12-11 13:43:59.969699,34,Schwarzberg,train,0.26015788,4.990529,0.144088,34.635284,0,,0,0,,0,0.059728175,4.752399,0.26402217,18,2.8022635,0.15568131,18,2.5868406,0.14371337,18
2025-12-11 13:44:00.022107,34,Schwarzberg,val,0.9344173,9.86678,0.6577854,15.0,0,,0,0,,0,0.05772174,5.0761385,0.8460231,6,1.1238426,0.28096065,4,4.2484713,1.0621178,4
2025-12-11 13:44:00.534624,35,Schwarzberg,train,0.25333712,4.8747873,0.14074628,34.635284,0,,0,0,,0,0.05772174,4.573368,0.254076,18,2.7355149,0.15197305,18,2.5675533,0.14264186,18
2025-12-11 13:44:00.586005,35,Schwarzberg,val,0.900661,9.449942,0.6299961,15.0,0,,0,0,,0,0.055642158,4.913837,0.8189728,6,1.1262373,0.28155932,4,4.1987805,1.0496951,4
2025-12-11 13:44:01.099691,36,Schwarzberg,train,0.24668807,4.770834,0.1377449,34.635284,0,,0,0,,0,0.055642158,4.38243,0.24346834,18,2.6649208,0.14805116,18,2.546833,0.14149073,18
2025-12-11 13:44:01.151778,36,Schwarzberg,val,0.8662335,9.025705,0.6017137,15.0,0,,0,0,,0,0.053533074,4.7449183,0.79081976,6,1.1298151,0.28245378,4,4.1463757,1.0365939,4
2025-12-11 13:44:01.670366,37,Schwarzberg,train,0.24055412,4.6868887,0.13532121,34.635284,0,,0,0,,0,0.053533074,4.186947,0.23260815,18,2.5936098,0.14408943,18,2.5254135,0.14030075,18
2025-12-11 13:44:01.722518,37,Schwarzberg,val,0.8321644,8.60721,0.57381403,15.0,0,,0,0,,0,0.051432848,4.574459,0.76240987,6,1.1346062,0.28365156,4,4.092456,1.023114,4
2025-12-11 13:44:02.235194,38,Schwarzberg,train,0.23518166,4.628436,0.13363355,34.635284,0,,0,0,,0,0.051432848,3.992803,0.2218224,18,2.5241773,0.14023207,18,2.5037673,0.13909818,18
2025-12-11 13:44:02.296446,38,Schwarzberg,val,0.799278,8.204893,0.5469929,15.0,0,,0,0,,0,0.049374077,4.4067044,0.73445076,6,1.1405166,0.28512916,4,4.0381217,1.0095304,4
2025-12-11 13:44:02.847586,39,Schwarzberg,train,0.23072422,4.5981045,0.13275781,34.635284,0,,0,0,,0,0.049374077,3.805462,0.21141455,18,2.458644,0.13659133,18,2.482512,0.13791734,18
2025-12-11 13:44:02.898954,39,Schwarzberg,val,0.7682415,7.8269553,0.52179706,15.0,0,,0,0,,0,0.04738338,4.2457585,0.70762646,6,1.147333,0.28683326,4,3.9846058,0.99615145,4
2025-12-11 13:44:03.413527,40,Schwarzberg,train,0.22724126,4.595914,0.13269456,34.635284,0,,0,0,,0,0.04738338,3.6288638,0.20160355,18,2.3984764,0.13324869,18,2.462057,0.13678095,18
2025-12-11 13:44:03.465001,40,Schwarzberg,val,0.7395066,7.479247,0.4986165,15.0,0,,0,0,,0,0.04548201,4.093834,0.6823057,6,1.1548108,0.2887027,4,3.9322894,0.98307234,4
2025-12-11 13:44:03.979315,41,Schwarzberg,train,0.22470996,4.6195745,0.1333777,34.635284,0,,0,0,,0,0.04548201,3.465782,0.19254345,18,2.3446214,0.13025674,18,2.4426408,0.13570227,18
2025-12-11 13:44:04.029879,41,Schwarzberg,val,0.713433,7.1656914,0.47771278,15.0,0,,0,0,,0,0.04368737,3.953988,0.658998,6,1.1626534,0.29066336,4,3.8826704,0.9706676,4
2025-12-11 13:44:04.547656,42,Schwarzberg,train,0.22304568,4.664998,0.13468918,34.635284,0,,0,0,,0,0.04368737,3.3183467,0.18435259,18,2.2975442,0.12764135,18,2.4245517,0.13469732,18
2025-12-11 13:44:04.603001,42,Schwarzberg,val,0.69019717,6.8885226,0.45923486,15.0,0,,0,0,,0,0.042013463,3.8270273,0.6378379,6,1.1705121,0.29262802,4,3.8360913,0.9590228,4
2025-12-11 13:44:05.147524,43,Schwarzberg,train,0.22211659,4.726885,0.136476,34.635284,0,,0,0,,0,0.042013463,3.1874576,0.17708097,18,2.2573953,0.12541085,18,2.4080307,0.13377948,18
2025-12-11 13:44:05.198000,43,Schwarzberg,val,0.669896,6.648523,0.4432349,15.0,0,,0,0,,0,0.04047018,3.7146163,0.6191027,6,1.1781487,0.2945372,4,3.793077,0.94826925,4
2025-12-11 13:44:05.712002,44,Schwarzberg,train,0.22176227,4.7992883,0.13856645,34.635284,0,,0,0,,0,0.04047018,3.0734184,0.17074546,18,2.2239935,0.1235552,18,2.3932045,0.1329558,18
2025-12-11 13:44:05.763498,44,Schwarzberg,val,0.6525346,6.4455605,0.42970404,15.0,0,,0,0,,0,0.039062932,3.6172957,0.6028826,6,1.1852422,0.29631054,4,3.7539325,0.9384831,4
2025-12-11 13:44:06.282585,45,Schwarzberg,train,0.22181146,4.876116,0.14078464,34.635284,0,,0,0,,0,0.039062932,2.9763217,0.16535121,18,2.1969457,0.122052535,18,2.3802314,0.13223508,18
2025-12-11 13:44:06.333700,45,Schwarzberg,val,0.6380435,6.2785616,0.4185708,15.0,0,,0,0,,0,0.03779293,3.5351448,0.58919084,6,1.1915227,0.29788068,4,3.7189062,0.92972654,4
2025-12-11 13:44:06.853629,46,Schwarzberg,train,0.22209555,4.9516964,0.14296682,34.635284,0,,0,0,,0,0.03779293,2.8956304,0.16086836,18,2.1757941,0.12087745,18,2.3690195,0.1316122,18
2025-12-11 13:44:06.905236,46,Schwarzberg,val,0.6263243,6.1460724,0.40973818,15.0,0,,0,0,,0,0.036658157,3.4681664,0.5780277,6,1.1967915,0.29919788,4,3.6882148,0.9220537,4
2025-12-11 13:44:07.417104,47,Schwarzberg,train,0.2224606,5.0210266,0.14496854,34.635284,0,,0,0,,0,0.036658157,2.8305643,0.15725358,18,2.1600995,0.120005526,18,2.3594408,0.13108005,18
2025-12-11 13:44:07.467355,47,Schwarzberg,val,0.61723614,6.0462027,0.4030802,15.0,0,,0,0,,0,0.035654213,3.415967,0.56932783,6,1.2008909,0.30022272,4,3.661868,0.915467,4
2025-12-11 13:44:07.974115,48,Schwarzberg,train,0.22278042,5.0801353,0.14667514,34.635284,0,,0,0,,0,0.035654213,2.7803342,0.15446301,18,2.1493845,0.119410254,18,2.3514717,0.13063732,18
2025-12-11 13:44:08.025397,48,Schwarzberg,val,0.6106329,5.976993,0.39846623,15.0,0,,0,0,,0,0.034774568,3.378069,0.5630115,6,1.203733,0.30093324,4,3.6399064,0.9099766,4
2025-12-11 13:44:08.534788,49,Schwarzberg,train,0.22295654,5.1261234,0.14800292,34.635284,0,,0,0,,0,0.034774568,2.7439632,0.15244241,18,2.1432154,0.11906753,18,2.3450465,0.13028036,18
2025-12-11 13:44:08.584204,49,Schwarzberg,val,0.6063562,5.9364123,0.39576083,15.0,0,,0,0,,0,0.03401085,3.353837,0.55897284,6,1.2052963,0.30132407,4,3.6221933,0.90554833,4
2025-12-11 13:44:09.091342,50,Schwarzberg,train,0.2229228,5.1572857,0.14890265,34.635284,0,,0,0,,0,0.03401085,2.7204099,0.15113388,18,2.141228,0.11895711,18,2.340034,0.13000189,18
2025-12-11 13:44:09.141343,50,Schwarzberg,val,0.60424066,5.922394,0.39482626,15.0,0,,0,0,,0,0.033353698,3.3424497,0.55707496,6,1.2056139,0.30140346,4,3.6085153,0.9021288,4
2025-12-11 13:44:09.645988,51,Schwarzberg,train,0.22264567,5.1730666,0.14935829,34.635284,0,,0,0,,0,0.033353698,2.7086318,0.15047954,18,2.143119,0.11906217,18,2.3363106,0.12979503,18
2025-12-11 13:44:09.696627,51,Schwarzberg,val,0.60413015,5.9330206,0.39553472,15.0,0,,0,0,,0,0.03279354,3.343029,0.5571715,6,1.204763,0.30119076,4,3.598627,0.8996568,4
2025-12-11 13:44:10.205978,52,Schwarzberg,train,0.2221196,5.1738605,0.1493812,34.635284,0,,0,0,,0,0.03279354,2.7076716,0.15042621,18,2.1486576,0.119369864,18,2.3337445,0.12965247,18
2025-12-11 13:44:10.257275,52,Schwarzberg,val,0.6058602,5.9662876,0.39775252,15.0,0,,0,0,,0,0.03232071,3.354596,0.5590993,6,1.2028621,0.30071554,4,3.5922174,0.89805436,4
2025-12-11 13:44:10.763132,53,Schwarzberg,train,0.22136563,5.1609793,0.14900929,34.635284,0,,0,0,,0,0.03232071,2.71657,0.15092055,18,2.1576388,0.11986882,18,2.3322053,0.12956697,18
2025-12-11 13:44:10.813905,53,Schwarzberg,val,0.60926694,6.020232,0.40134883,15.0,0,,0,0,,0,0.031925105,3.376101,0.5626835,6,1.2000568,0.3000142,4,3.5889297,0.8972324,4
2025-12-11 13:44:11.324260,54,Schwarzberg,train,0.2204226,5.1363544,0.14829832,34.635284,0,,0,0,,0,0.031925105,2.7343965,0.15191092,18,2.1698956,0.12054976,18,2.3315568,0.12953094,18
2025-12-11 13:44:11.373318,54,Schwarzberg,val,0.6141802,6.0928297,0.40618867,15.0,0,,0,0,,0,0.031595994,3.4064164,0.5677361,6,1.1965132,0.2991283,4,3.588365,0.89709127,4
2025-12-11 13:44:11.882661,55,Schwarzberg,train,0.21934158,5.102365,0.14731696,34.635284,0,,0,0,,0,0.031595994,2.7602222,0.15334567,18,2.1852622,0.121403456,18,2.3316684,0.12953714,18
2025-12-11 13:44:11.934235,55,Schwarzberg,val,0.62041616,6.1818943,0.4121263,15.0,0,,0,0,,0,0.031322263,3.444292,0.5740487,6,1.1924169,0.29810423,4,3.5900936,0.8975234,4
2025-12-11 13:44:12.446098,56,Schwarzberg,train,0.21818078,5.061664,0.14614184,34.635284,0,,0,0,,0,0.031322263,2.7930555,0.15516976,18,2.203536,0.12241867,18,2.3324058,0.1295781,18
2025-12-11 13:44:12.496183,56,Schwarzberg,val,0.6277805,6.285102,0.41900682,15.0,0,,0,0,,0,0.03109265,3.488427,0.5814045,6,1.1879537,0.29698843,4,3.5936694,0.89841735,4
2025-12-11 13:44:13.002191,57,Schwarzberg,train,0.21699789,5.016911,0.14484972,34.635284,0,,0,0,,0,0.03109265,2.8318753,0.15732642,18,2.2244778,0.1235821,18,2.3336418,0.12964676,18
2025-12-11 13:44:13.051743,57,Schwarzberg,val,0.63606304,6.3999176,0.4266612,15.0,0,,0,0,,0,0.030895889,3.5374496,0.58957493,6,1.1833031,0.29582578,4,3.5986362,0.89965904,4
2025-12-11 13:44:13.559948,58,Schwarzberg,train,0.21584643,4.9706416,0.14351381,34.635284,0,,0,0,,0,0.030895889,2.8755772,0.15975429,18,2.2477825,0.124876805,18,2.3352516,0.1297362,18
2025-12-11 13:44:13.613343,58,Schwarzberg,val,0.64504474,6.523674,0.4349116,15.0,0,,0,0,,0,0.03072084,3.5899785,0.5983298,6,1.1786289,0.29465723,4,3.6045442,0.90113604,4
2025-12-11 13:44:14.131152,59,Schwarzberg,train,0.214771,4.925105,0.14219907,34.635284,0,,0,0,,0,0.03072084,2.92299,0.16238834,18,2.2730834,0.12628241,18,2.3371203,0.12984002,18
2025-12-11 13:44:14.182875,59,Schwarzberg,val,0.6544921,6.653494,0.4435663,15.0,0,,0,0,,0,0.030556891,3.644589,0.60743153,6,1.1740764,0.2935191,4,3.6109533,0.90273833,4
2025-12-11 13:44:14.695740,60,Schwarzberg,train,0.2138044,4.8821573,0.14095907,34.635284,0,,0,0,,0,0.030556891,2.9728463,0.16515812,18,2.2999423,0.12777457,18,2.3391309,0.12995172,18
2025-12-11 13:44:14.744423,60,Schwarzberg,val,0.6641679,6.7864246,0.45242834,15.0,0,,0,0,,0,0.03039453,3.6998801,0.6166467,6,1.1697631,0.29244077,4,3.6174483,0.9043621,4
2025-12-11 13:44:15.256300,61,Schwarzberg,train,0.2129668,4.843194,0.1398341,34.635284,0,,0,0,,0,0.03039453,3.0238402,0.16799112,18,2.327867,0.12932594,18,2.3411646,0.1300647,18
2025-12-11 13:44:15.305597,61,Schwarzberg,val,0.67383516,6.9194984,0.46129993,15.0,0,,0,0,,0,0.030225525,3.7544942,0.62574905,6,1.1657789,0.29144472,4,3.6236148,0.9059037,4
2025-12-11 13:44:15.813538,62,Schwarzberg,train,0.21226488,4.8091135,0.13885012,34.635284,0,,0,0,,0,0.030225525,3.074633,0.17081293,18,2.3563218,0.13090678,18,2.343105,0.1301725,18
2025-12-11 13:44:15.862758,62,Schwarzberg,val,0.68326366,7.049801,0.46998674,15.0,0,,0,0,,0,0.030042786,3.8071666,0.6345278,6,1.1621876,0.2905469,4,3.6290672,0.9072668,4
2025-12-11 13:44:16.380496,63,Schwarzberg,train,0.21169369,4.7803698,0.13802023,34.635284,0,,0,0,,0,0.030042786,3.1239173,0.17355096,18,2.3847516,0.1324862,18,2.3448513,0.13026951,18
2025-12-11 13:44:16.428765,63,Schwarzberg,val,0.6922324,7.174512,0.4783008,15.0,0,,0,0,,0,0.029840192,3.8567271,0.6427879,6,1.1590335,0.28975838,4,3.63347,0.9083675,4
2025-12-11 13:44:16.941412,64,Schwarzberg,train,0.21123895,4.757047,0.13734685,34.635284,0,,0,0,,0,0.029840192,3.1704407,0.1761356,18,2.4125752,0.13403197,18,2.346328,0.13035156,18
2025-12-11 13:44:16.991586,64,Schwarzberg,val,0.70054126,7.2910624,0.48607084,15.0,0,,0,0,,0,0.02961256,3.9021463,0.6503577,6,1.1563388,0.2890847,4,3.6365447,0.9091362,4
2025-12-11 13:44:17.526718,65,Schwarzberg,train,0.21087869,4.7388945,0.13682275,34.635284,0,,0,0,,0,0.02961256,3.2130895,0.17850497,18,2.4392436,0.13551353,18,2.3474758,0.13041532,18
2025-12-11 13:44:17.575821,65,Schwarzberg,val,0.7080108,7.3971257,0.49314174,15.0,0,,0,0,,0,0.029355785,3.9425268,0.6570878,6,1.1541083,0.28852707,4,3.638071,0.90951777,4
2025-12-11 13:44:18.092469,66,Schwarzberg,train,0.21058784,4.7254868,0.13643563,34.635284,0,,0,0,,0,0.029355785,3.250879,0.1806044,18,2.4642317,0.13690177,18,2.348248,0.13045822,18
2025-12-11 13:44:18.142265,66,Schwarzberg,val,0.7144968,7.490826,0.49938843,15.0,0,,0,0,,0,0.02906688,3.9771633,0.6628606,6,1.1523328,0.2880832,4,3.6378865,0.90947163,4
2025-12-11 13:44:18.652762,67,Schwarzberg,train,0.21033968,4.716244,0.13616878,34.635284,0,,0,0,,0,0.02906688,3.2830184,0.18238991,18,2.4870934,0.13817187,18,2.3486118,0.13047844,18
2025-12-11 13:44:18.702337,67,Schwarzberg,val,0.71988714,7.5706882,0.5047126,15.0,0,,0,0,,0,0.028744096,4.005521,0.6675868,6,1.1509943,0.28774858,4,3.6358771,0.9089693,4
2025-12-11 13:44:19.205664,68,Schwarzberg,train,0.21010917,4.710554,0.1360045,34.635284,0,,0,0,,0,0.028744096,3.308902,0.18382789,18,2.5074527,0.13930292,18,2.348551,0.13047506,18
2025-12-11 13:44:19.255224,68,Schwarzberg,val,0.7241123,7.635778,0.5090519,15.0,0,,0,0,,0,0.028387094,4.0273113,0.6712186,6,1.150063,0.28751576,4,3.6319952,0.9079988,4
2025-12-11 13:44:19.756577,69,Schwarzberg,train,0.20987515,4.7078114,0.1359253,34.635284,0,,0,0,,0,0.028387094,3.3281808,0.18489893,18,2.5250494,0.14028053,18,2.3480651,0.13044806,18
2025-12-11 13:44:19.805575,69,Schwarzberg,val,0.72714496,7.685703,0.51238024,15.0,0,,0,0,,0,0.027997086,4.0424438,0.6737406,6,1.1495074,0.28737685,4,3.6262374,0.90655935,4
2025-12-11 13:44:20.310287,70,Schwarzberg,train,0.20962258,4.707505,0.13591646,34.635284,0,,0,0,,0,0.027997086,3.3407202,0.18559557,18,2.5397289,0.14109606,18,2.3471735,0.13039853,18
2025-12-11 13:44:20.360844,70,Schwarzberg,val,0.7290005,7.7206073,0.5147072,15.0,0,,0,0,,0,0.027576653,4.051068,0.675178,6,1.1492906,0.28732264,4,3.6186655,0.90466636,4
2025-12-11 13:44:20.874751,71,Schwarzberg,train,0.20934126,4.7091713,0.13596456,34.635284,0,,0,0,,0,0.027576653,3.3466406,0.18592449,18,2.5514603,0.14174779,18,2.3459086,0.13032825,18
2025-12-11 13:44:20.928532,71,Schwarzberg,val,0.7297291,7.741089,0.51607263,15.0,0,,0,0,,0,0.027129367,4.0534925,0.6755821,6,1.1493763,0.28734407,4,3.6093798,0.90234494,4
2025-12-11 13:44:21.447539,72,Schwarzberg,train,0.20902827,4.7124977,0.13606061,34.635284,0,,0,0,,0,0.027129367,3.3462641,0.18590356,18,2.5603123,0.14223957,18,2.344316,0.13023978,18
2025-12-11 13:44:21.500645,72,Schwarzberg,val,0.7294187,7.7482347,0.516549,15.0,0,,0,0,,0,0.02665943,4.0502253,0.67503756,6,1.1497278,0.28743196,4,3.5985334,0.89963335,4
2025-12-11 13:44:22.011572,73,Schwarzberg,train,0.20868559,4.717264,0.13619822,34.635284,0,,0,0,,0,0.02665943,3.3401122,0.18556179,18,2.5664635,0.1425813,18,2.3424535,0.13013631,18
2025-12-11 13:44:22.060931,73,Schwarzberg,val,0.72817713,7.74339,0.51622605,15.0,0,,0,0,,0,0.02617138,4.0418596,0.6736433,6,1.1503105,0.28757763,4,3.5863047,0.89657617,4
2025-12-11 13:44:22.573851,74,Schwarzberg,train,0.20831951,4.7233486,0.13637389,34.635284,0,,0,0,,0,0.02617138,3.3288283,0.18493491,18,2.570155,0.14278638,18,2.3403811,0.13002117,18
2025-12-11 13:44:22.623662,74,Schwarzberg,val,0.72613764,7.7282333,0.5152156,15.0,0,,0,0,,0,0.025669962,4.0291247,0.6715208,6,1.15109,0.2877725,4,3.572911,0.89322776,4
2025-12-11 13:44:23.144338,75,Schwarzberg,train,0.20793939,4.730688,0.1365858,34.635284,0,,0,0,,0,0.025669962,3.313192,0.18406622,18,2.5716977,0.1428721,18,2.338161,0.12989783,18
2025-12-11 13:44:23.196022,75,Schwarzberg,val,0.7234452,7.7045956,0.51363975,15.0,0,,0,0,,0,0.025159964,4.0128083,0.6688014,6,1.1520331,0.28800827,4,3.5585775,0.8896444,4
2025-12-11 13:44:23.704344,76,Schwarzberg,train,0.2075556,4.739236,0.1368326,34.635284,0,,0,0,,0,0.025159964,3.294039,0.18300217,18,2.571452,0.14285845,18,2.335855,0.12976973,18
2025-12-11 13:44:23.752918,76,Schwarzberg,val,0.7202542,7.674441,0.5116294,15.0,0,,0,0,,0,0.024646169,3.9937396,0.6656233,6,1.1531053,0.2882763,4,3.5435457,0.88588643,4
2025-12-11 13:44:24.264615,77,Schwarzberg,train,0.20717874,4.7489343,0.13711262,34.635284,0,,0,0,,0,0.024646169,3.2722692,0.18179274,18,2.5698054,0.14276697,18,2.3335192,0.12963995,18
2025-12-11 13:44:24.316113,77,Schwarzberg,val,0.7167182,7.639716,0.5093144,15.0,0,,0,0,,0,0.024133382,3.9727361,0.6621227,6,1.154271,0.28856775,4,3.5280547,0.8820137,4
2025-12-11 13:44:24.822498,78,Schwarzberg,train,0.20681792,4.759674,0.1374227,34.635284,0,,0,0,,0,0.024133382,3.2487674,0.18048708,18,2.56715,0.14261945,18,2.3312151,0.12951195,18
2025-12-11 13:44:24.872733,78,Schwarzberg,val,0.71298945,7.6023498,0.50682336,15.0,0,,0,0,,0,0.023626335,3.9506228,0.65843713,6,1.1554921,0.28887302,4,3.512351,0.87808776,4
2025-12-11 13:44:25.381476,79,Schwarzberg,train,0.20648098,4.771307,0.13775857,34.635284,0,,0,0,,0,0.023626335,3.2244062,0.17913368,18,2.5638812,0.14243785,18,2.3290067,0.12938926,18
2025-12-11 13:44:25.433464,79,Schwarzberg,val,0.70921457,7.564196,0.5042798,15.0,0,,0,0,,0,0.023129474,3.928205,0.6547009,6,1.1567318,0.28918296,4,3.4966784,0.8741696,4
2025-12-11 13:44:25.941482,80,Schwarzberg,train,0.20617233,4.783594,0.13811332,34.635284,0,,0,0,,0,0.023129474,3.1999965,0.17777759,18,2.5603724,0.14224291,18,2.3269484,0.12927492,18
2025-12-11 13:44:25.990442,80,Schwarzberg,val,0.7055251,7.526916,0.50179446,15.0,0,,0,0,,0,0.022646688,3.906218,0.6510364,6,1.157956,0.289489,4,3.481257,0.87031424,4
2025-12-11 13:44:26.493826,81,Schwarzberg,train,0.20589381,4.7962527,0.1384788,34.635284,0,,0,0,,0,0.022646688,3.1762557,0.17645866,18,2.5569682,0.1420538,18,2.3250754,0.12917085,18
2025-12-11 13:44:26.541545,81,Schwarzberg,val,0.7020394,7.492016,0.49946776,15.0,0,,0,0,,0,0.022181159,3.8853314,0.64755523,6,1.1591332,0.2897833,4,3.4662657,0.8665664,4
2025-12-11 13:44:27.051666,82,Schwarzberg,train,0.20564452,4.808955,0.13884555,34.635284,0,,0,0,,0,0.022181159,3.153812,0.17521177,18,2.553984,0.141888,18,2.323413,0.12907849,18
2025-12-11 13:44:27.100228,82,Schwarzberg,val,0.6988521,7.4607005,0.49738005,15.0,0,,0,0,,0,0.02173533,3.8660684,0.64434475,6,1.160235,0.29005876,4,3.4518547,0.8629637,4
2025-12-11 13:44:27.609465,83,Schwarzberg,train,0.20542194,4.821385,0.13920443,34.635284,0,,0,0,,0,0.02173533,3.1331558,0.17406422,18,2.5516627,0.14175904,18,2.3219752,0.12899862,18
2025-12-11 13:44:27.661771,83,Schwarzberg,val,0.6960429,7.4339886,0.49559927,15.0,0,,0,0,,0,0.021310924,3.8488598,0.64147663,6,1.1612376,0.2903094,4,3.4381654,0.85954136,4
2025-12-11 13:44:28.177129,84,Schwarzberg,train,0.20522104,4.833189,0.13954523,34.635284,0,,0,0,,0,0.021310924,3.1146839,0.17303799,18,2.5502226,0.14167903,18,2.320773,0.12893184,18
2025-12-11 13:44:28.227037,84,Schwarzberg,val,0.69367313,7.41266,0.49417737,15.0,0,,0,0,,0,0.020909032,3.8340535,0.63900894,6,1.1621212,0.2905303,4,3.425313,0.85632825,4
2025-12-11 13:44:28.748470,85,Schwarzberg,train,0.20503728,4.844084,0.1398598,34.635284,0,,0,0,,0,0.020909032,3.098683,0.17214906,18,2.5498283,0.14165713,18,2.3198106,0.12887837,18
2025-12-11 13:44:28.798653,85,Schwarzberg,val,0.6917834,7.3972297,0.49314868,15.0,0,,0,0,,0,0.020530216,3.821889,0.6369815,6,1.1628735,0.29071838,4,3.4133782,0.85334456,4
2025-12-11 13:44:29.304283,86,Schwarzberg,train,0.20486563,4.853818,0.14014085,34.635284,0,,0,0,,0,0.020530216,3.085343,0.17140794,18,2.550594,0.14169967,18,2.3190854,0.12883808,18
2025-12-11 13:44:29.354279,86,Schwarzberg,val,0.69039685,7.387994,0.49253294,15.0,0,,0,0,,0,0.020174658,3.8125126,0.6354188,6,1.1634839,0.29087096,4,3.4024096,0.8506024,4
2025-12-11 13:44:29.876668,87,Schwarzberg,train,0.20470127,4.8621883,0.14038251,34.635284,0,,0,0,,0,0.020174658,3.0747626,0.17082015,18,2.5525858,0.14181033,18,2.3185897,0.12881054,18
2025-12-11 13:44:29.926165,87,Schwarzberg,val,0.6895217,7.3850594,0.49233732,15.0,0,,0,0,,0,0.019842135,3.805982,0.6343304,6,1.1639482,0.29098704,4,3.3924198,0.84810495,4
2025-12-11 13:44:30.441451,88,Schwarzberg,train,0.2045403,4.8690586,0.14058088,34.635284,0,,0,0,,0,0.019842135,3.066966,0.170387,18,2.5558395,0.1419911,18,2.3183055,0.12879474,18
2025-12-11 13:44:30.493445,88,Schwarzberg,val,0.6891507,7.388337,0.49255583,15.0,0,,0,0,,0,0.019532008,3.802268,0.63371134,6,1.1642694,0.29106736,4,3.383397,0.8458493,4
2025-12-11 13:44:31.013630,89,Schwarzberg,train,0.20438035,4.874386,0.14073469,34.635284,0,,0,0,,0,0.019532008,3.061895,0.17010528,18,2.5603447,0.14224137,18,2.3182178,0.12878987,18
2025-12-11 13:44:31.068558,89,Schwarzberg,val,0.6892632,7.397576,0.49317175,15.0,0,,0,0,,0,0.019243201,3.8012648,0.63354415,6,1.1644541,0.29111353,4,3.3753023,0.8438256,4
2025-12-11 13:44:31.596640,90,Schwarzberg,train,0.20421998,4.8781934,0.14084461,34.635284,0,,0,0,,0,0.019243201,3.059418,0.16996767,18,2.5660613,0.14255896,18,2.3183103,0.12879501,18
2025-12-11 13:44:31.649732,90,Schwarzberg,val,0.68982434,7.4123325,0.49415553,15.0,0,,0,0,,0,0.018974278,3.8027756,0.633796,6,1.1645141,0.29112852,4,3.3680818,0.84202045,4
2025-12-11 13:44:32.167992,91,Schwarzberg,train,0.2040592,4.880589,0.14091378,34.635284,0,,0,0,,0,0.018974278,3.0593395,0.16996332,18,2.5729094,0.1429394,18,2.3185577,0.12880877,18
2025-12-11 13:44:32.219289,91,Schwarzberg,val,0.6907901,7.4320617,0.4954708,15.0,0,,0,0,,0,0.01872348,3.806561,0.63442683,6,1.1644657,0.29111642,4,3.361662,0.8404155,4
2025-12-11 13:44:32.739104,92,Schwarzberg,train,0.20389855,4.8817205,0.14094645,34.635284,0,,0,0,,0,0.01872348,3.0614238,0.1700791,18,2.5807853,0.14337696,18,2.3189414,0.12883008,18
2025-12-11 13:44:32.797093,92,Schwarzberg,val,0.69210684,7.4560823,0.4970722,15.0,0,,0,0,,0,0.018488877,3.8123193,0.6353866,6,1.1643267,0.29108167,4,3.3559585,0.8389896,4
2025-12-11 13:44:33.315343,93,Schwarzberg,train,0.20373926,4.881783,0.14094825,34.635284,0,,0,0,,0,0.018488877,3.065385,0.17029917,18,2.589557,0.14386427,18,2.31944,0.12885778,18
2025-12-11 13:44:33.370012,93,Schwarzberg,val,0.6937128,7.4836187,0.49890795,15.0,0,,0,0,,0,0.018268472,3.819704,0.63661736,6,1.1641179,0.29102948,4,3.3508682,0.83771706,4
2025-12-11 13:44:33.895130,94,Schwarzberg,train,0.20358345,4.881016,0.14092611,34.635284,0,,0,0,,0,0.018268472,3.0708976,0.17060542,18,2.5990667,0.1443926,18,2.3200321,0.12889068,18
2025-12-11 13:44:33.950616,94,Schwarzberg,val,0.6955454,7.5138817,0.5009255,15.0,0,,0,0,,0,0.018060312,3.8283608,0.63806015,6,1.1638591,0.29096478,4,3.3462842,0.83657104,4
2025-12-11 13:44:34.468927,95,Schwarzberg,train,0.20343304,4.8796506,0.1408867,34.635284,0,,0,0,,0,0.018060312,3.0776315,0.17097953,18,2.6091561,0.14495312,18,2.3206983,0.12892768,18
2025-12-11 13:44:34.518538,95,Schwarzberg,val,0.6975398,7.546049,0.50307,15.0,0,,0,0,,0,0.01786253,3.8379345,0.63965577,6,1.1635679,0.29089198,4,3.342098,0.8355245,4
2025-12-11 13:44:35.033020,96,Schwarzberg,train,0.2032893,4.8778963,0.14083605,34.635284,0,,0,0,,0,0.01786253,3.0852506,0.17140281,18,2.6196597,0.14553665,18,2.3214202,0.12896779,18
2025-12-11 13:44:35.085214,96,Schwarzberg,val,0.69962746,7.579257,0.50528383,15.0,0,,0,0,,0,0.017673334,3.8480372,0.64133954,6,1.1632643,0.29081607,4,3.338192,0.834548,4
2025-12-11 13:44:35.591838,97,Schwarzberg,train,0.20315354,4.875969,0.14078039,34.635284,0,,0,0,,0,0.017673334,3.093394,0.17185523,18,2.6303918,0.14613289,18,2.322181,0.12901005,18
2025-12-11 13:44:35.641335,97,Schwarzberg,val,0.70174605,7.6127067,0.5075138,15.0,0,,0,0,,0,0.01749101,3.8583286,0.6430548,6,1.1629622,0.29074055,4,3.3344665,0.8336166,4
2025-12-11 13:44:36.155288,98,Schwarzberg,train,0.20302634,4.874043,0.1407248,34.635284,0,,0,0,,0,0.01749101,3.1017418,0.172319,18,2.6411874,0.14673264,18,2.3229666,0.1290537,18
2025-12-11 13:44:36.210920,98,Schwarzberg,val,0.70383036,7.6455746,0.509705,15.0,0,,0,0,,0,0.017313926,3.868451,0.6447419,6,1.1626765,0.2906691,4,3.3308153,0.8327038,4
2025-12-11 13:44:36.722001,99,Schwarzberg,train,0.20290793,4.8722863,0.14067407,34.635284,0,,0,0,,0,0.017313926,3.1099625,0.1727757,18,2.6518636,0.14732575,18,2.3237643,0.12909801,18
2025-12-11 13:44:36.771883,99,Schwarzberg,val,0.7058258,7.677163,0.5118109,15.0,0,,0,0,,0,0.017140618,3.8781052,0.64635086,6,1.1624181,0.29060453,4,3.3271508,0.8317877,4
2025-12-11 13:44:37.298252,100,Schwarzberg,train,0.20279787,4.8708177,0.14063166,34.635284,0,,0,0,,0,0.017140618,3.1177747,0.17320971,18,2.662271,0.14790395,18,2.324561,0.12914228,18
2025-12-11 13:44:37.347940,100,Schwarzberg,val,0.7076822,7.706834,0.51378894,15.0,0,,0,0,,0,0.016969802,3.8870156,0.64783597,6,1.162197,0.29054925,4,3.3233964,0.8308491,4
2025-12-11 13:44:37.877911,101,Schwarzberg,train,0.20269571,4.869746,0.14060073,34.635284,0,,0,0,,0,0.016969802,3.1249232,0.17360684,18,2.6722589,0.14845882,18,2.3253508,0.12918615,18
2025-12-11 13:44:37.931077,101,Schwarzberg,val,0.7093569,7.7340426,0.5156029,15.0,0,,0,0,,0,0.016800463,3.8949556,0.6491593,6,1.1620191,0.29050478,4,3.319486,0.8298715,4
2025-12-11 13:44:38.462536,102,Schwarzberg,train,0.20260008,4.869126,0.14058281,34.635284,0,,0,0,,0,0.016800463,3.1311953,0.17395529,18,2.6817055,0.14898364,18,2.3261237,0.1292291,18
2025-12-11 13:44:38.512912,102,Schwarzberg,val,0.7108184,7.7583876,0.51722586,15.0,0,,0,0,,0,0.016631896,3.9017534,0.6502923,6,1.1618881,0.29047203,4,3.3153706,0.82884264,4
2025-12-11 13:44:39.016486,103,Schwarzberg,train,0.20250982,4.86899,0.1405789,34.635284,0,,0,0,,0,0.016631896,3.1364298,0.1742461,18,2.6905158,0.1494731,18,2.3268769,0.12927094,18
2025-12-11 13:44:39.065273,103,Schwarzberg,val,0.71204543,7.779593,0.51863956,15.0,0,,0,0,,0,0.016463662,3.9073,0.6512167,6,1.1618052,0.2904513,4,3.3110187,0.8277547,4
2025-12-11 13:44:39.567038,104,Schwarzberg,train,0.20242408,4.86936,0.14058958,34.635284,0,,0,0,,0,0.016463662,3.14052,0.17447335,18,2.6986215,0.14992341,18,2.3276076,0.12931153,18
2025-12-11 13:44:39.615524,104,Schwarzberg,val,0.7130223,7.797456,0.5198304,15.0,0,,0,0,,0,0.016295565,3.911518,0.6519197,6,1.161769,0.29044226,4,3.3064063,0.82660156,4
2025-12-11 13:44:40.119168,105,Schwarzberg,train,0.20234182,4.870229,0.14061466,34.635284,0,,0,0,,0,0.016295565,3.143394,0.174633,18,2.705975,0.15033194,18,2.328318,0.129351,18
2025-12-11 13:44:40.168356,105,Schwarzberg,val,0.7137522,7.812022,0.5208015,15.0,0,,0,0,,0,0.016127585,3.9144208,0.6524035,6,1.1617777,0.29044443,4,3.3015356,0.8253839,4
2025-12-11 13:44:40.671019,106,Schwarzberg,train,0.20226207,4.8715615,0.14065313,34.635284,0,,0,0,,0,0.016127585,3.1450598,0.17472555,18,2.7125769,0.15069872,18,2.3290064,0.12938924,18
2025-12-11 13:44:40.719523,106,Schwarzberg,val,0.7142374,7.823315,0.52155435,15.0,0,,0,0,,0,0.015959846,3.91603,0.6526717,6,1.161828,0.290457,4,3.296414,0.8241035,4
2025-12-11 13:44:41.224221,107,Schwarzberg,train,0.20218442,4.873334,0.14070432,34.635284,0,,0,0,,0,0.015959846,3.145544,0.17475244,18,2.7184255,0.15102364,18,2.3296762,0.12942645,18
2025-12-11 13:44:41.272442,107,Schwarzberg,val,0.7144908,7.831503,0.5221002,15.0,0,,0,0,,0,0.015792603,3.9164119,0.65273535,6,1.1619161,0.29047903,4,3.2910607,0.8227652,4
2025-12-11 13:44:41.778430,108,Schwarzberg,train,0.20210889,4.8755198,0.14076743,34.635284,0,,0,0,,0,0.015792603,3.1449118,0.17471732,18,2.723554,0.15130855,18,2.3303308,0.12946282,18
2025-12-11 13:44:41.830110,108,Schwarzberg,val,0.71453464,7.836871,0.5224581,15.0,0,,0,0,,0,0.015626254,3.9156954,0.6526159,6,1.1620353,0.29050884,4,3.2855134,0.82137835,4
2025-12-11 13:44:42.333351,109,Schwarzberg,train,0.20203528,4.8780613,0.1408408,34.635284,0,,0,0,,0,0.015626254,3.1432853,0.17462696,18,2.7280214,0.15155675,18,2.3309724,0.12949847,18
2025-12-11 13:44:42.382513,109,Schwarzberg,val,0.71439683,7.839777,0.52265185,15.0,0,,0,0,,0,0.015461305,3.9140267,0.6523378,6,1.1621802,0.29054505,4,3.2798157,0.8199539,4
2025-12-11 13:44:42.889129,110,Schwarzberg,train,0.20196387,4.88091,0.14092305,34.635284,0,,0,0,,0,0.015461305,3.1408057,0.17448922,18,2.731899,0.15177217,18,2.331607,0.12953372,18
2025-12-11 13:44:42.939262,110,Schwarzberg,val,0.7141071,7.8406024,0.52270687,15.0,0,,0,0,,0,0.015298381,3.911571,0.65192854,6,1.1623446,0.29058614,4,3.274014,0.8185035,4
2025-12-11 13:44:43.443426,111,Schwarzberg,train,0.20189458,4.883994,0.1410121,34.635284,0,,0,0,,0,0.015298381,3.1376283,0.17431268,18,2.7352707,0.1519595,18,2.3322377,0.12956877,18
2025-12-11 13:44:43.492492,111,Schwarzberg,val,0.71369576,7.8397346,0.522649,15.0,0,,0,0,,0,0.015138152,3.908501,0.65141684,6,1.1625212,0.2906303,4,3.2681553,0.81703883,4
2025-12-11 13:44:43.996232,112,Schwarzberg,train,0.20182821,4.8872705,0.1411067,34.635284,0,,0,0,,0,0.015138152,3.1339133,0.1741063,18,2.7382257,0.15212364,18,2.332867,0.12960371,18
2025-12-11 13:44:44.044753,112,Schwarzberg,val,0.7132018,7.8376775,0.52251184,15.0,0,,0,0,,0,0.0149812875,3.9050212,0.6508369,6,1.1627032,0.2906758,4,3.2622974,0.81557435,4
2025-12-11 13:44:44.547298,113,Schwarzberg,train,0.20176448,4.890646,0.14120415,34.635284,0,,0,0,,0,0.0149812875,3.129854,0.17388077,18,2.7408733,0.15227075,18,2.3335009,0.12963894,18
2025-12-11 13:44:44.598301,113,Schwarzberg,val,0.7126573,7.834841,0.5223228,15.0,0,,0,0,,0,0.014828398,3.901307,0.6502179,6,1.1628844,0.2907211,4,3.2564878,0.81412196,4
2025-12-11 13:44:45.107978,114,Schwarzberg,train,0.2017039,4.894069,0.14130299,34.635284,0,,0,0,,0,0.014828398,3.1256108,0.17364505,18,2.743302,0.15240568,18,2.3341422,0.12967457,18
2025-12-11 13:44:45.157223,114,Schwarzberg,val,0.71209455,7.8316436,0.5221096,15.0,0,,0,0,,0,0.0146800075,3.8975387,0.6495898,6,1.1630583,0.29076457,4,3.2507775,0.8126944,4
2025-12-11 13:44:45.665982,115,Schwarzberg,train,0.20164628,4.8974614,0.14140093,34.635284,0,,0,0,,0,0.0146800075,3.1213558,0.17340866,18,2.7456124,0.15253402,18,2.3347902,0.12971057,18
2025-12-11 13:44:45.715555,115,Schwarzberg,val,0.7115421,7.828455,0.521897,15.0,0,,0,0,,0,0.014536574,3.8938668,0.6489778,6,1.1632204,0.2908051,4,3.2452104,0.8113026,4
2025-12-11 13:44:46.219545,116,Schwarzberg,train,0.20159139,4.900761,0.1414962,34.635284,0,,0,0,,0,0.014536574,3.1172242,0.17317912,18,2.7478778,0.15265988,18,2.3354497,0.12974721,18
2025-12-11 13:44:46.268152,116,Schwarzberg,val,0.71102995,7.825661,0.52171075,15.0,0,,0,0,,0,0.014398458,3.890453,0.6484089,6,1.1633652,0.2908413,4,3.2398272,0.8099568,4
2025-12-11 13:44:46.772859,117,Schwarzberg,train,0.20153955,4.903916,0.14158729,34.635284,0,,0,0,,0,0.014398458,3.1133704,0.17296502,18,2.7501962,0.15278868,18,2.3361158,0.12978421,18
2025-12-11 13:44:46.821620,117,Schwarzberg,val,0.7105779,7.8235216,0.5215681,15.0,0,,0,0,,0,0.014265971,3.8874087,0.6479015,6,1.1634892,0.2908723,4,3.2346587,0.8086647,4
2025-12-11 13:44:47.332486,118,Schwarzberg,train,0.20149055,4.9068794,0.14167285,34.635284,0,,0,0,,0,0.014265971,3.1098952,0.17277196,18,2.752622,0.15292343,18,2.3367937,0.12982187,18
2025-12-11 13:44:47.382301,118,Schwarzberg,val,0.7102052,7.8222823,0.5214855,15.0,0,,0,0,,0,0.014139334,3.8848355,0.6474726,6,1.1635891,0.29089728,4,3.2297325,0.8074331,4
2025-12-11 13:44:47.894867,119,Schwarzberg,train,0.20144352,4.909583,0.14175092,34.635284,0,,0,0,,0,0.014139334,3.1068878,0.17260487,18,2.755215,0.1530675,18,2.337482,0.12986012,18
2025-12-11 13:44:47.944383,119,Schwarzberg,val,0.7099248,7.822117,0.5214745,15.0,0,,0,0,,0,0.014018674,3.8828075,0.6471346,6,1.1636627,0.29091567,4,3.2250657,0.8062664,4
2025-12-11 13:44:48.446071,120,Schwarzberg,train,0.20139855,4.91201,0.14182098,34.635284,0,,0,0,,0,0.014018674,3.104408,0.17246711,18,2.7580152,0.15322307,18,2.3381782,0.12989879,18
2025-12-11 13:44:48.494184,120,Schwarzberg,val,0.7097458,7.8231454,0.521543,15.0,0,,0,0,,0,0.013904001,3.8813655,0.6468943,6,1.1637086,0.29092714,4,3.2206683,0.8051671,4
2025-12-11 13:44:49.003732,121,Schwarzberg,train,0.20135523,4.9141293,0.14188217,34.635284,0,,0,0,,0,0.013904001,3.1025004,0.17236114,18,2.7610505,0.15339169,18,2.338881,0.12993784,18
2025-12-11 13:44:49.054859,121,Schwarzberg,val,0.70967263,7.8254223,0.52169484,15.0,0,,0,0,,0,0.013795221,3.8805456,0.6467576,6,1.163727,0.29093176,4,3.2165465,0.80413663,4
2025-12-11 13:44:49.566941,122,Schwarzberg,train,0.20131336,4.91593,0.14193416,34.635284,0,,0,0,,0,0.013795221,3.1011877,0.17228821,18,2.7643414,0.15357453,18,2.3395867,0.12997705,18
2025-12-11 13:44:49.619103,122,Schwarzberg,val,0.70970297,7.828925,0.52192837,15.0,0,,0,0,,0,0.013692126,3.880327,0.6467212,6,1.1637187,0.29092968,4,3.2126956,0.8031739,4
2025-12-11 13:44:50.125560,123,Schwarzberg,train,0.20127283,4.917422,0.14197724,34.635284,0,,0,0,,0,0.013692126,3.1004498,0.17224722,18,2.7678783,0.15377101,18,2.3402977,0.13001654,18
2025-12-11 13:44:50.174983,123,Schwarzberg,val,0.70983,7.833569,0.52223796,15.0,0,,0,0,,0,0.013594433,3.8806708,0.64677846,6,1.1636853,0.29092133,4,3.2091048,0.8022762,4
2025-12-11 13:44:50.683715,124,Schwarzberg,train,0.20123343,4.9186172,0.14201175,34.635284,0,,0,0,,0,0.013594433,3.1002526,0.17223626,18,2.7716432,0.15398018,18,2.3410072,0.13005596,18
2025-12-11 13:44:50.735822,124,Schwarzberg,val,0.7100478,7.839282,0.52261883,15.0,0,,0,0,,0,0.013501818,3.8815472,0.64692456,6,1.1636289,0.29090723,4,3.2057593,0.8014398,4
2025-12-11 13:44:51.245924,125,Schwarzberg,train,0.2011951,4.9195356,0.14203826,34.635284,0,,0,0,,0,0.013501818,3.1005647,0.1722536,18,2.7756248,0.15420137,18,2.341717,0.13009539,18
2025-12-11 13:44:51.295658,125,Schwarzberg,val,0.71034366,7.8459015,0.52306014,15.0,0,,0,0,,0,0.013413923,3.8828864,0.6471478,6,1.1635522,0.29088804,4,3.2026405,0.80066013,4
2025-12-11 13:44:51.807772,126,Schwarzberg,train,0.20115782,4.9202075,0.14205766,34.635284,0,,0,0,,0,0.013413923,3.1013172,0.1722954,18,2.7797842,0.15443246,18,2.342422,0.13013455,18
2025-12-11 13:44:51.859929,126,Schwarzberg,val,0.7107026,7.8532405,0.5235494,15.0,0,,0,0,,0,0.013330369,3.8846054,0.64743423,6,1.1634579,0.29086447,4,3.1997194,0.79992986,4
2025-12-11 13:44:52.380900,127,Schwarzberg,train,0.20112178,4.9206743,0.14207114,34.635284,0,,0,0,,0,0.013330369,3.1024408,0.17235783,18,2.7840834,0.1546713,18,2.343121,0.1301734,18
2025-12-11 13:44:52.430800,127,Schwarzberg,val,0.71111137,7.8611307,0.5240754,15.0,0,,0,0,,0,0.013250749,3.8866293,0.6477716,6,1.1633489,0.29083723,4,3.1969738,0.79924345,4
2025-12-11 13:44:52.952477,128,Schwarzberg,train,0.20108649,4.9209585,0.14207934,34.635284,0,,0,0,,0,0.013250749,3.1038594,0.17243664,18,2.78848,0.15491556,18,2.3438115,0.13021176,18
2025-12-11 13:44:53.006515,128,Schwarzberg,val,0.71155506,7.869385,0.52462566,15.0,0,,0,0,,0,0.013174647,3.8888774,0.6481463,6,1.1632282,0.29080704,4,3.1943777,0.7985944,4
2025-12-11 13:44:53.518627,129,Schwarzberg,train,0.2010526,4.921117,0.14208391,34.635284,0,,0,0,,0,0.013174647,3.1054971,0.17252763,18,2.7929351,0.15516306,18,2.3444934,0.13024963,18
2025-12-11 13:44:53.568507,129,Schwarzberg,val,0.71201503,7.8777647,0.52518433,15.0,0,,0,0,,0,0.013101635,3.8912468,0.64854115,6,1.1630993,0.29077482,4,3.1918993,0.7979748,4
2025-12-11 13:44:54.077595,130,Schwarzberg,train,0.20101964,4.921178,0.14208567,34.635284,0,,0,0,,0,0.013101635,3.1072621,0.17262568,18,2.7973928,0.15541072,18,2.3451653,0.13028696,18
2025-12-11 13:44:54.126538,130,Schwarzberg,val,0.7124769,7.886089,0.5257393,15.0,0,,0,0,,0,0.013031292,3.8936596,0.6489433,6,1.1629647,0.29074118,4,3.1895132,0.7973783,4
2025-12-11 13:44:54.645033,131,Schwarzberg,train,0.20098792,4.9211874,0.14208595,34.635284,0,,0,0,,0,0.013031292,3.1090832,0.17272684,18,2.8018131,0.1556563,18,2.3458252,0.13032362,18
2025-12-11 13:44:54.696758,131,Schwarzberg,val,0.71292305,7.894134,0.52627563,15.0,0,,0,0,,0,0.012963235,3.8960183,0.6493364,6,1.1628276,0.2907069,4,3.1871936,0.7967984,4
2025-12-11 13:44:55.214110,132,Schwarzberg,train,0.20095731,4.9211836,0.14208584,34.635284,0,,0,0,,0,0.012963235,3.1108694,0.17282608,18,2.8061404,0.1558967,18,2.3464727,0.1303596,18
2025-12-11 13:44:55.263297,132,Schwarzberg,val,0.71334285,7.9017663,0.5267844,15.0,0,,0,0,,0,0.012897148,3.8982623,0.6497104,6,1.1626904,0.2906726,4,3.1849198,0.79622996,4
2025-12-11 13:44:55.766176,133,Schwarzberg,train,0.20092724,4.921174,0.14208557,34.635284,0,,0,0,,0,0.012897148,3.112566,0.17292033,18,2.8103442,0.15613024,18,2.347105,0.13039473,18
2025-12-11 13:44:55.815212,133,Schwarzberg,val,0.7137252,7.908843,0.52725625,15.0,0,,0,0,,0,0.012832748,3.9003305,0.6500551,6,1.1625541,0.29063854,4,3.1826715,0.7956679,4
2025-12-11 13:44:56.320200,134,Schwarzberg,train,0.20089841,4.9212093,0.14208658,34.635284,0,,0,0,,0,0.012832748,3.114116,0.17300645,18,2.814394,0.15635522,18,2.347725,0.13042916,18
2025-12-11 13:44:56.369170,134,Schwarzberg,val,0.7140624,7.9152727,0.52768487,15.0,0,,0,0,,0,0.012769811,3.9021826,0.6503638,6,1.1624204,0.2906051,4,3.1804338,0.79510844,4
2025-12-11 13:44:56.873154,135,Schwarzberg,train,0.20087025,4.9212894,0.1420889,34.635284,0,,0,0,,0,0.012769811,3.115479,0.17308217,18,2.8182657,0.15657032,18,2.3483315,0.13046286,18
2025-12-11 13:44:56.922572,135,Schwarzberg,val,0.71434367,7.9209127,0.52806085,15.0,0,,0,0,,0,0.0127081545,3.903761,0.65062684,6,1.1622902,0.29057255,4,3.1781898,0.79454744,4
2025-12-11 13:44:57.428485,136,Schwarzberg,train,0.20084289,4.921443,0.14209333,34.635284,0,,0,0,,0,0.0127081545,3.116604,0.17314467,18,2.821924,0.15677355,18,2.3489237,0.13049576,18
2025-12-11 13:44:57.480010,136,Schwarzberg,val,0.7145674,7.9257445,0.528383,15.0,0,,0,0,,0,0.012647632,3.9050565,0.6508428,6,1.1621642,0.29054105,4,3.1759362,0.79398406,4
2025-12-11 13:44:57.985347,137,Schwarzberg,train,0.20081605,4.921666,0.14209977,34.635284,0,,0,0,,0,0.012647632,3.1174848,0.1731936,18,2.8253713,0.15696508,18,2.3495002,0.1305278,18
2025-12-11 13:44:58.034389,137,Schwarzberg,val,0.71473384,7.929778,0.5286519,15.0,0,,0,0,,0,0.012588139,3.906063,0.6510105,6,1.1620423,0.29051057,4,3.173668,0.793417,4
2025-12-11 13:44:58.536854,138,Schwarzberg,train,0.20078987,4.92197,0.14210854,34.635284,0,,0,0,,0,0.012588139,3.1181095,0.17322831,18,2.8286,0.15714444,18,2.3500633,0.13055907,18
2025-12-11 13:44:58.587304,138,Schwarzberg,val,0.7148411,7.932989,0.528866,15.0,0,,0,0,,0,0.012529619,3.9067721,0.6511287,6,1.1619246,0.29048115,4,3.1713827,0.79284567,4
2025-12-11 13:44:59.093409,139,Schwarzberg,train,0.20076433,4.9223566,0.1421197,34.635284,0,,0,0,,0,0.012529619,3.1184766,0.17324871,18,2.8316083,0.15731157,18,2.3506148,0.13058971,18
2025-12-11 13:44:59.142730,139,Schwarzberg,val,0.7148927,7.93542,0.52902806,15.0,0,,0,0,,0,0.012472068,3.9072065,0.6512011,6,1.1618108,0.2904527,4,3.169085,0.79227126,4
2025-12-11 13:44:59.646028,140,Schwarzberg,train,0.20073877,4.922798,0.14213246,34.635284,0,,0,0,,0,0.012472068,3.1186068,0.17325594,18,2.8344076,0.15746708,18,2.3511496,0.13061942,18
2025-12-11 13:44:59.695064,140,Schwarzberg,val,0.7148953,7.937166,0.52914447,15.0,0,,0,0,,0,0.012415516,3.9073992,0.6512332,6,1.1616997,0.2904249,4,3.166781,0.79169524,4
2025-12-11 13:45:00.205334,141,Schwarzberg,train,0.20071429,4.923321,0.14214754,34.635284,0,,0,0,,0,0.012415516,3.1185265,0.17325146,18,2.8370202,0.15761223,18,2.3516738,0.13064855,18
2025-12-11 13:45:00.257557,141,Schwarzberg,val,0.71485466,7.9382987,0.5292199,15.0,0,,0,0,,0,0.012360021,3.9073796,0.65123,6,1.1615902,0.29039755,4,3.1644773,0.79111934,4
2025-12-11 13:45:00.940795,142,Schwarzberg,train,0.20069,4.9238844,0.14216383,34.635284,0,,0,0,,0,0.012360021,3.1182613,0.17323674,18,2.8394585,0.1577477,18,2.352186,0.130677,18
2025-12-11 13:45:00.990776,142,Schwarzberg,val,0.71477735,7.9389033,0.5292603,15.0,0,,0,0,,0,0.012305661,3.9071832,0.6511972,6,1.1614817,0.29037043,4,3.1621838,0.79054594,4
2025-12-11 13:45:01.499537,143,Schwarzberg,train,0.20066586,4.924475,0.14218087,34.635284,0,,0,0,,0,0.012305661,3.1178472,0.17321374,18,2.8417478,0.15787488,18,2.3526845,0.1307047,18
2025-12-11 13:45:01.550325,143,Schwarzberg,val,0.7146715,7.939089,0.5292726,15.0,0,,0,0,,0,0.012252513,3.906855,0.65114254,6,1.1613728,0.2903432,4,3.1599114,0.78997785,4
2025-12-11 13:45:02.061775,144,Schwarzberg,train,0.20064217,4.9250855,0.1421985,34.635284,0,,0,0,,0,0.012252513,3.1173236,0.17318465,18,2.843913,0.15799518,18,2.3531728,0.13073182,18
2025-12-11 13:45:02.113955,144,Schwarzberg,val,0.71454495,7.938955,0.5292637,15.0,0,,0,0,,0,0.01220066,3.9064353,0.65107256,6,1.1612625,0.29031563,4,3.15767,0.7894175,4
2025-12-11 13:45:02.626815,145,Schwarzberg,train,0.20061903,4.925706,0.14221641,34.635284,0,,0,0,,0,0.01220066,3.116727,0.17315151,18,2.8459759,0.15810977,18,2.35365,0.13075835,18
2025-12-11 13:45:02.677031,145,Schwarzberg,val,0.71440643,7.938617,0.5292412,15.0,0,,0,0,,0,0.012150173,3.9059732,0.65099555,6,1.161149,0.29028726,4,3.1554723,0.78886807,4
2025-12-11 13:45:03.185230,146,Schwarzberg,train,0.20059626,4.926313,0.14223394,34.635284,0,,0,0,,0,0.012150173,3.1161032,0.17311685,18,2.8479667,0.15822037,18,2.3541155,0.1307842,18
2025-12-11 13:45:03.234903,146,Schwarzberg,val,0.71426016,7.938129,0.5292086,15.0,0,,0,0,,0,0.0121011315,3.905488,0.65091467,6,1.1610332,0.2902583,4,3.1533232,0.7883308,4
2025-12-11 13:45:03.753503,147,Schwarzberg,train,0.20057376,4.9268956,0.14225076,34.635284,0,,0,0,,0,0.0121011315,3.1154706,0.17308171,18,2.8498943,0.15832746,18,2.354569,0.13080938,18
2025-12-11 13:45:03.803639,147,Schwarzberg,val,0.7141177,7.937645,0.52917635,15.0,0,,0,0,,0,0.012053609,3.9050403,0.65084004,6,1.1609122,0.29022804,4,3.151239,0.7878097,4
2025-12-11 13:45:04.309896,148,Schwarzberg,train,0.2005516,4.9274354,0.14226635,34.635284,0,,0,0,,0,0.012053609,3.1148808,0.17304893,18,2.8517995,0.1584333,18,2.355014,0.13083412,18
2025-12-11 13:45:04.359796,148,Schwarzberg,val,0.713985,7.9372387,0.5291493,15.0,0,,0,0,,0,0.012007667,3.9046698,0.6507783,6,1.1607853,0.29019633,4,3.1492243,0.7873061,4
2025-12-11 13:45:04.866490,149,Schwarzberg,train,0.20052962,4.9279146,0.14228018,34.635284,0,,0,0,,0,0.012007667,3.114373,0.17302072,18,2.8537028,0.15853904,18,2.3554463,0.13085814,18
2025-12-11 13:45:04.918164,149,Schwarzberg,val,0.71386445,7.936943,0.52912956,15.0,0,,0,0,,0,0.011963337,3.9043827,0.6507305,6,1.1606529,0.29016322,4,3.1472864,0.7868216,4
2025-12-11 13:45:05.437805,150,Schwarzberg,train,0.20050803,4.928334,0.14229229,34.635284,0,,0,0,,0,0.011963337,3.1139529,0.17299739,18,2.8556094,0.15864497,18,2.355869,0.13088162,18
2025-12-11 13:45:05.489493,150,Schwarzberg,val,0.7137625,7.936845,0.529123,15.0,0,,0,0,,0,0.011920635,3.9042153,0.6507026,6,1.1605139,0.29012847,4,3.1454291,0.7863573,4
2025-12-11 13:45:05.999388,151,Schwarzberg,train,0.20048678,4.928685,0.14230242,34.635284,0,,0,0,,0,0.011920635,3.1136482,0.17298046,18,2.8575408,0.15875228,18,2.3562815,0.13090453,18
2025-12-11 13:45:06.048764,151,Schwarzberg,val,0.71367997,7.9369535,0.5291303,15.0,0,,0,0,,0,0.011879544,3.9041688,0.65069485,6,1.1603686,0.29009214,4,3.1436567,0.7859142,4
2025-12-11 13:45:06.553404,152,Schwarzberg,train,0.20046589,4.928966,0.14231054,34.635284,0,,0,0,,0,0.011879544,3.113462,0.17297012,18,2.8594983,0.15886101,18,2.3566828,0.13092682,18
2025-12-11 13:45:06.603065,152,Schwarzberg,val,0.71361834,7.937292,0.5291528,15.0,0,,0,0,,0,0.0118400315,3.9042559,0.65070933,6,1.1602163,0.29005408,4,3.1419663,0.7854916,4
2025-12-11 13:45:07.109503,153,Schwarzberg,train,0.20044458,4.9291487,0.14231582,34.635284,0,,0,0,,0,0.0118400315,3.1134088,0.17296715,18,2.861491,0.15897173,18,2.3570716,0.13094842,18
2025-12-11 13:45:07.158132,153,Schwarzberg,val,0.7135807,7.9379005,0.5291934,15.0,0,,0,0,,0,0.011802051,3.9044895,0.65074825,6,1.1600574,0.29001436,4,3.1403608,0.7850902,4
2025-12-11 13:45:07.665759,154,Schwarzberg,train,0.20042406,4.9292707,0.14231934,34.635284,0,,0,0,,0,0.011802051,3.113497,0.17297205,18,2.86353,0.15908499,18,2.3574538,0.13096966,18
2025-12-11 13:45:07.715127,154,Schwarzberg,val,0.7135637,7.938737,0.52924913,15.0,0,,0,0,,0,0.011765543,3.904851,0.6508085,6,1.1598923,0.28997308,4,3.1388345,0.7847086,4
2025-12-11 13:45:08.217476,155,Schwarzberg,train,0.20040357,4.9293146,0.1423206,34.635284,0,,0,0,,0,0.011765543,3.1137094,0.17298386,18,2.8656027,0.15920015,18,2.3578248,0.13099027,18
2025-12-11 13:45:08.267047,155,Schwarzberg,val,0.71356595,7.939784,0.529319,15.0,0,,0,0,,0,0.011730434,3.905335,0.65088916,6,1.1597209,0.28993022,4,3.1373847,0.78434616,4
2025-12-11 13:45:08.774035,156,Schwarzberg,train,0.20038308,4.929282,0.14231966,34.635284,0,,0,0,,0,0.011730434,3.1140409,0.17300227,18,2.86771,0.15931723,18,2.3581853,0.1310103,18
2025-12-11 13:45:08.822587,156,Schwarzberg,val,0.7135828,7.9409842,0.529399,15.0,0,,0,0,,0,0.011696634,3.9059129,0.6509855,6,1.1595447,0.28988618,4,3.1360035,0.7840009,4
2025-12-11 13:45:09.325687,157,Schwarzberg,train,0.20036286,4.9291945,0.14231713,34.635284,0,,0,0,,0,0.011696634,3.1144662,0.1730259,18,2.869835,0.15943527,18,2.3585367,0.13102981,18
2025-12-11 13:45:09.376394,157,Schwarzberg,val,0.71361226,7.9423113,0.52948743,15.0,0,,0,0,,0,0.011664039,3.9065769,0.65109617,6,1.1593637,0.28984094,4,3.1346836,0.7836709,4
2025-12-11 13:45:09.887471,158,Schwarzberg,train,0.20034266,4.9290495,0.14231294,34.635284,0,,0,0,,0,0.011664039,3.1149738,0.1730541,18,2.8719728,0.15955405,18,2.3588767,0.13104871,18
2025-12-11 13:45:09.938338,158,Schwarzberg,val,0.71365154,7.9437337,0.52958226,15.0,0,,0,0,,0,0.011632545,3.907303,0.6512172,6,1.1591789,0.2897947,4,3.1334217,0.7833554,4
2025-12-11 13:45:10.451140,159,Schwarzberg,train,0.20032267,4.9288616,0.14230752,34.635284,0,,0,0,,0,0.011632545,3.1155462,0.1730859,18,2.8741143,0.15967302,18,2.359208,0.13106711,18
2025-12-11 13:45:10.500413,159,Schwarzberg,val,0.7136972,7.945206,0.52968043,15.0,0,,0,0,,0,0.0116020525,3.908081,0.65134686,6,1.1589904,0.2897476,4,3.1322088,0.7830522,4
2025-12-11 13:45:11.013289,160,Schwarzberg,train,0.20030276,4.928633,0.14230093,34.635284,0,,0,0,,0,0.0116020525,3.1161735,0.17312075,18,2.8762555,0.15979198,18,2.359529,0.13108495,18
2025-12-11 13:45:11.065254,160,Schwarzberg,val,0.7137446,7.946672,0.5297782,15.0,0,,0,0,,0,0.011572447,3.9088845,0.6514808,6,1.1587994,0.28969985,4,3.131038,0.7827595,4
2025-12-11 13:45:11.577483,161,Schwarzberg,train,0.20028314,4.9283857,0.14229378,34.635284,0,,0,0,,0,0.011572447,3.116826,0.173157,18,2.8783765,0.1599098,18,2.3598423,0.13110235,18
2025-12-11 13:45:11.632361,161,Schwarzberg,val,0.71379,7.9480834,0.52987224,15.0,0,,0,0,,0,0.011543644,3.909688,0.65161467,6,1.1586059,0.28965148,4,3.1299005,0.7824751,4
2025-12-11 13:45:12.142834,162,Schwarzberg,train,0.20026343,4.9281116,0.14228587,34.635284,0,,0,0,,0,0.011543644,3.1174877,0.17319377,18,2.880471,0.16002616,18,2.360146,0.13111922,18
2025-12-11 13:45:12.192785,162,Schwarzberg,val,0.7138284,7.949376,0.5299584,15.0,0,,0,0,,0,0.011515549,3.9104626,0.65174377,6,1.1584114,0.28960285,4,3.128788,0.782197,4
2025-12-11 13:45:12.715704,163,Schwarzberg,train,0.20024395,4.9278364,0.14227793,34.635284,0,,0,0,,0,0.011515549,3.1181278,0.17322932,18,2.8825195,0.16013998,18,2.3604407,0.1311356,18
2025-12-11 13:45:12.769937,163,Schwarzberg,val,0.71385825,7.950532,0.5300355,15.0,0,,0,0,,0,0.011488086,3.911209,0.6518682,6,1.1582156,0.2895539,4,3.127699,0.7819247,4
2025-12-11 13:45:13.292939,164,Schwarzberg,train,0.20022431,4.9275475,0.14226958,34.635284,0,,0,0,,0,0.011488086,3.1187468,0.17326371,18,2.8845232,0.16025129,18,2.3607266,0.13115148,18
2025-12-11 13:45:13.347936,164,Schwarzberg,val,0.7138783,7.9515357,0.53010243,15.0,0,,0,0,,0,0.011461179,3.911911,0.65198517,6,1.1580192,0.2895048,4,3.1266267,0.7816567,4
2025-12-11 13:45:13.875091,165,Schwarzberg,train,0.20020519,4.9272738,0.14226168,34.635284,0,,0,0,,0,0.011461179,3.1193328,0.17329627,18,2.8864765,0.16035981,18,2.361006,0.13116701,18
2025-12-11 13:45:13.930753,165,Schwarzberg,val,0.7138845,7.9523363,0.5301558,15.0,0,,0,0,,0,0.011434772,3.912549,0.6520915,6,1.1578227,0.28945568,4,3.1255665,0.7813916,4
2025-12-11 13:45:14.451822,166,Schwarzberg,train,0.2001858,4.927,0.14225377,34.635284,0,,0,0,,0,0.011434772,3.1198623,0.17332569,18,2.8883657,0.16046476,18,2.3612764,0.13118203,18
2025-12-11 13:45:14.507594,166,Schwarzberg,val,0.71387565,7.952919,0.53019464,15.0,0,,0,0,,0,0.011408812,3.9131184,0.6521864,6,1.1576259,0.28940648,4,3.1245155,0.7811289,4
2025-12-11 13:45:15.030256,167,Schwarzberg,train,0.20016652,4.9267397,0.14224626,34.635284,0,,0,0,,0,0.011408812,3.120335,0.17335196,18,2.8901901,0.16056612,18,2.3615386,0.13119659,18
2025-12-11 13:45:15.083590,167,Schwarzberg,val,0.71385264,7.9532976,0.53021985,15.0,0,,0,0,,0,0.011383268,3.9136195,0.65226996,6,1.1574296,0.2893574,4,3.1234713,0.7808678,4
2025-12-11 13:45:15.607782,168,Schwarzberg,train,0.2001476,4.926501,0.14223936,34.635284,0,,0,0,,0,0.011383268,3.1207488,0.17337494,18,2.89195,0.16066389,18,2.3617952,0.13121085,18
2025-12-11 13:45:15.661834,168,Schwarzberg,val,0.7138167,7.953488,0.53023255,15.0,0,,0,0,,0,0.011358118,3.9140596,0.6523433,6,1.1572331,0.28930828,4,3.1224356,0.7806089,4
2025-12-11 13:45:16.175338,169,Schwarzberg,train,0.20012856,4.9262657,0.14223258,34.635284,0,,0,0,,0,0.011358118,3.121114,0.17339523,18,2.893654,0.16075857,18,2.3620439,0.13122466,18
2025-12-11 13:45:16.227317,169,Schwarzberg,val,0.7137653,7.9534574,0.5302305,15.0,0,,0,0,,0,0.01133335,3.9144268,0.6524045,6,1.1570365,0.28925914,4,3.1214056,0.7803514,4
2025-12-11 13:45:16.731001,170,Schwarzberg,train,0.20010956,4.9260464,0.14222625,34.635284,0,,0,0,,0,0.01133335,3.1214163,0.17341202,18,2.895292,0.16084956,18,2.3622856,0.13123809,18
2025-12-11 13:45:16.780193,170,Schwarzberg,val,0.71370244,7.953258,0.53021723,15.0,0,,0,0,,0,0.011308967,3.9147367,0.65245616,6,1.1568403,0.28921008,4,3.1203833,0.7800958,4
2025-12-11 13:45:17.278891,171,Schwarzberg,train,0.20009063,4.9258366,0.14222018,34.635284,0,,0,0,,0,0.011308967,3.1216698,0.1734261,18,2.8968744,0.16093747,18,2.3625216,0.1312512,18
2025-12-11 13:45:17.329545,171,Schwarzberg,val,0.7136279,7.952889,0.5301926,15.0,0,,0,0,,0,0.011284966,3.9149997,0.6525,6,1.1566434,0.28916085,4,3.11937,0.7798425,4
2025-12-11 13:45:17.837457,172,Schwarzberg,train,0.20007174,4.9256325,0.1422143,34.635284,0,,0,0,,0,0.011284966,3.1218848,0.17343804,18,2.8984098,0.16102277,18,2.362751,0.13126394,18
2025-12-11 13:45:17.888419,172,Schwarzberg,val,0.7135457,7.952403,0.53016025,15.0,0,,0,0,,0,0.011261354,3.9152226,0.6525371,6,1.1564462,0.28911155,4,3.1183681,0.77959204,4
2025-12-11 13:45:18.391721,173,Schwarzberg,train,0.20005281,4.9254293,0.14220843,34.635284,0,,0,0,,0,0.011261354,3.122067,0.17344816,18,2.899903,0.16110572,18,2.3629742,0.13127634,18
2025-12-11 13:45:18.441284,173,Schwarzberg,val,0.7134538,7.9517717,0.53011817,15.0,0,,0,0,,0,0.01123814,3.9154065,0.65256774,6,1.1562483,0.28906208,4,3.117379,0.77934474,4
2025-12-11 13:45:18.948030,174,Schwarzberg,train,0.20003396,4.9252315,0.14220272,34.635284,0,,0,0,,0,0.01123814,3.1222184,0.17345658,18,2.9013517,0.1611862,18,2.3631902,0.13128835,18
2025-12-11 13:45:19.000493,174,Schwarzberg,val,0.7133576,7.9510717,0.5300715,15.0,0,,0,0,,0,0.011215341,3.9155688,0.6525948,6,1.1560497,0.28901243,4,3.116404,0.779101,4
2025-12-11 13:45:19.499597,175,Schwarzberg,train,0.20001526,4.9250336,0.142197,34.635284,0,,0,0,,0,0.011215341,3.1223552,0.17346418,18,2.9027696,0.16126497,18,2.3634007,0.13130005,18
2025-12-11 13:45:19.549370,175,Schwarzberg,val,0.7132576,7.950301,0.5300201,15.0,0,,0,0,,0,0.011192975,3.915724,0.6526207,6,1.15585,0.2889625,4,3.1154466,0.77886164,4
2025-12-11 13:45:20.053230,176,Schwarzberg,train,0.19999662,4.9248285,0.14219108,34.635284,0,,0,0,,0,0.011192975,3.122487,0.17347151,18,2.9041662,0.16134258,18,2.3636065,0.13131148,18
2025-12-11 13:45:20.103622,176,Schwarzberg,val,0.7131561,7.9494967,0.5299665,15.0,0,,0,0,,0,0.011171052,3.9158797,0.65264666,6,1.155649,0.28891224,4,3.1145096,0.7786274,4
2025-12-11 13:45:20.602533,177,Schwarzberg,train,0.19997795,4.924612,0.14218482,34.635284,0,,0,0,,0,0.011171052,3.1226223,0.17347902,18,2.9055436,0.1614191,18,2.3638055,0.13132253,18
2025-12-11 13:45:20.658193,177,Schwarzberg,val,0.7130565,7.948702,0.5299135,15.0,0,,0,0,,0,0.011149589,3.9160457,0.6526743,6,1.1554464,0.2888616,4,3.1135936,0.7783984,4
2025-12-11 13:45:21.182881,178,Schwarzberg,train,0.19995943,4.9243846,0.14217827,34.635284,0,,0,0,,0,0.011149589,3.1227736,0.17348742,18,2.9069118,0.1614951,18,2.3640006,0.13133337,18
2025-12-11 13:45:21.232363,178,Schwarzberg,val,0.7129575,7.947898,0.5298599,15.0,0,,0,0,,0,0.011128588,3.9162257,0.6527043,6,1.155242,0.2888105,4,3.1126997,0.77817494,4
2025-12-11 13:45:21.739842,179,Schwarzberg,train,0.1999409,4.92414,0.1421712,34.635284,0,,0,0,,0,0.011128588,3.1229396,0.17349665,18,2.9082723,0.16157068,18,2.3641894,0.13134386,18
2025-12-11 13:45:21.789487,179,Schwarzberg,val,0.71286374,7.9471498,0.52981,15.0,0,,0,0,,0,0.011108048,3.916441,0.6527402,6,1.1550355,0.28875887,4,3.1118333,0.77795833,4
2025-12-11 13:45:22.294539,180,Schwarzberg,train,0.1999223,4.92387,0.14216341,34.635284,0,,0,0,,0,0.011108048,3.1231413,0.17350785,18,2.9096382,0.16164656,18,2.3643734,0.13135408,18
2025-12-11 13:45:22.346184,180,Schwarzberg,val,0.712771,7.9463973,0.5297598,15.0,0,,0,0,,0,0.011087972,3.9166703,0.6527784,6,1.154828,0.288707,4,3.1109877,0.7777469,4
2025-12-11 13:45:22.851997,181,Schwarzberg,train,0.19990362,4.92358,0.14215504,34.635284,0,,0,0,,0,0.011087972,3.123359,0.17351994,18,2.9109962,0.16172202,18,2.364554,0.1313641,18
2025-12-11 13:45:22.902651,181,Schwarzberg,val,0.7126833,7.945697,0.52971315,15.0,0,,0,0,,0,0.01106835,3.9169304,0.6528218,6,1.1546184,0.2886546,4,3.110168,0.777542,4
2025-12-11 13:45:23.417861,182,Schwarzberg,train,0.19988519,4.923279,0.14214633,34.635284,0,,0,0,,0,0.01106835,3.1236086,0.17353381,18,2.912357,0.16179761,18,2.3647277,0.13137376,18
2025-12-11 13:45:23.468863,182,Schwarzberg,val,0.71260226,7.945071,0.52967143,15.0,0,,0,0,,0,0.011049177,3.9172323,0.6528721,6,1.1544067,0.28860167,4,3.1093726,0.77734315,4
2025-12-11 13:45:23.970686,183,Schwarzberg,train,0.19986686,4.9229536,0.14213695,34.635284,0,,0,0,,0,0.011049177,3.1239,0.17355,18,2.913731,0.16187395,18,2.3648996,0.13138331,18
2025-12-11 13:45:24.021152,183,Schwarzberg,val,0.7125248,7.9444757,0.52963173,15.0,0,,0,0,,0,0.011030434,3.9175637,0.6529273,6,1.1541934,0.28854835,4,3.108602,0.7771505,4
2025-12-11 13:45:24.525103,184,Schwarzberg,train,0.19984849,4.922609,0.14212699,34.635284,0,,0,0,,0,0.011030434,3.1242185,0.1735677,18,2.9151082,0.16195045,18,2.3650646,0.13139248,18
2025-12-11 13:45:24.575004,184,Schwarzberg,val,0.71245146,7.943923,0.5295949,15.0,0,,0,0,,0,0.011012099,3.9179215,0.65298694,6,1.1539781,0.28849453,4,3.107853,0.77696323,4
2025-12-11 13:45:25.078775,185,Schwarzberg,train,0.19983023,4.922248,0.14211658,34.635284,0,,0,0,,0,0.011012099,3.124566,0.17358701,18,2.9164867,0.16202705,18,2.3652267,0.1314015,18
2025-12-11 13:45:25.129592,185,Schwarzberg,val,0.7123823,7.9434147,0.529561,15.0,0,,0,0,,0,0.010994147,3.918304,0.65305066,6,1.1537622,0.28844056,4,3.1071239,0.77678096,4
2025-12-11 13:45:25.638508,186,Schwarzberg,train,0.19981174,4.921862,0.14210543,34.635284,0,,0,0,,0,0.010994147,3.1249366,0.17360759,18,2.917869,0.16210385,18,2.3653846,0.13141026,18
2025-12-11 13:45:25.687665,186,Schwarzberg,val,0.71231484,7.942914,0.5295276,15.0,0,,0,0,,0,0.010976558,3.9187055,0.6531176,6,1.1535441,0.28838602,4,3.1064143,0.7766036,4
2025-12-11 13:45:26.195470,187,Schwarzberg,train,0.19979362,4.9214725,0.14209418,34.635284,0,,0,0,,0,0.010976558,3.1253307,0.17362948,18,2.919251,0.16218062,18,2.3655374,0.13141875,18
2025-12-11 13:45:26.245915,187,Schwarzberg,val,0.7122488,7.9424195,0.52949464,15.0,0,,0,0,,0,0.010959301,3.9191194,0.65318656,6,1.1533253,0.28833133,4,3.1057205,0.77643013,4
2025-12-11 13:45:26.754999,188,Schwarzberg,train,0.19977516,4.921058,0.14208223,34.635284,0,,0,0,,0,0.010959301,3.1257381,0.17365213,18,2.920629,0.16225716,18,2.3656864,0.13142702,18
2025-12-11 13:45:26.811528,188,Schwarzberg,val,0.71218586,7.94196,0.529464,15.0,0,,0,0,,0,0.01094235,3.9195507,0.65325844,6,1.1531053,0.2882763,4,3.105043,0.77626073,4
2025-12-11 13:45:27.341712,189,Schwarzberg,train,0.19975704,4.9206414,0.14207019,34.635284,0,,0,0,,0,0.01094235,3.126165,0.17367584,18,2.9220083,0.1623338,18,2.365834,0.13143523,18
2025-12-11 13:45:27.393747,189,Schwarzberg,val,0.7121229,7.9414854,0.5294324,15.0,0,,0,0,,0,0.010925682,3.9199915,0.65333194,6,1.152884,0.288221,4,3.1043782,0.77609456,4
2025-12-11 13:45:27.920940,190,Schwarzberg,train,0.19973882,4.9202127,0.1420578,34.635284,0,,0,0,,0,0.010925682,3.1266,0.1737,18,2.9233823,0.16241013,18,2.3659763,0.13144313,18
2025-12-11 13:45:27.976016,190,Schwarzberg,val,0.7120589,7.9409924,0.5293995,15.0,0,,0,0,,0,0.010909266,3.9204288,0.65340483,6,1.1526622,0.28816554,4,3.103724,0.775931,4
2025-12-11 13:45:28.508090,191,Schwarzberg,train,0.1997207,4.919781,0.14204535,34.635284,0,,0,0,,0,0.010909266,3.1270351,0.17372417,18,2.9247444,0.1624858,18,2.366117,0.13145095,18
2025-12-11 13:45:28.566296,191,Schwarzberg,val,0.71199465,7.940486,0.5293658,15.0,0,,0,0,,0,0.010893081,3.9208689,0.65347815,6,1.1524397,0.28810993,4,3.1030803,0.77577007,4
2025-12-11 13:45:29.089961,192,Schwarzberg,train,0.19970262,4.919344,0.14203273,34.635284,0,,0,0,,0,0.010893081,3.1274753,0.17374863,18,2.9261005,0.16256113,18,2.3662539,0.13145855,18
2025-12-11 13:45:29.139690,192,Schwarzberg,val,0.71192664,7.939922,0.52932817,15.0,0,,0,0,,0,0.010877101,3.9212947,0.65354913,6,1.152217,0.28805426,4,3.1024427,0.7756107,4
2025-12-11 13:45:29.648707,193,Schwarzberg,train,0.19968447,4.9189014,0.14201996,34.635284,0,,0,0,,0,0.010877101,3.127905,0.1737725,18,2.9274397,0.16263554,18,2.366388,0.131466,18
2025-12-11 13:45:29.698598,193,Schwarzberg,val,0.71185577,7.9393125,0.5292875,15.0,0,,0,0,,0,0.010861307,3.9217086,0.6536181,6,1.1519939,0.28799847,4,3.101812,0.775453,4
2025-12-11 13:45:30.197043,194,Schwarzberg,train,0.19966644,4.9184637,0.1420073,34.635284,0,,0,0,,0,0.010861307,3.128324,0.17379577,18,2.928763,0.16270906,18,2.36652,0.13147333,18
2025-12-11 13:45:30.245761,194,Schwarzberg,val,0.7117809,7.9386444,0.529243,15.0,0,,0,0,,0,0.010845683,3.9221025,0.6536838,6,1.1517708,0.2879427,4,3.101184,0.775296,4
2025-12-11 13:45:30.754108,195,Schwarzberg,train,0.19964844,4.9180284,0.14199474,34.635284,0,,0,0,,0,0.010845683,3.1287272,0.17381819,18,2.9300675,0.16278154,18,2.3666487,0.13148049,18
2025-12-11 13:45:30.805318,195,Schwarzberg,val,0.7117016,7.9379106,0.52919406,15.0,0,,0,0,,0,0.010830216,3.922476,0.653746,6,1.1515474,0.28788686,4,3.1005588,0.7751397,4
2025-12-11 13:45:31.308937,196,Schwarzberg,train,0.19963041,4.9175925,0.14198217,34.635284,0,,0,0,,0,0.010830216,3.129118,0.17383988,18,2.931353,0.16285296,18,2.3667743,0.13148746,18
2025-12-11 13:45:31.357896,196,Schwarzberg,val,0.7116214,7.9371605,0.52914405,15.0,0,,0,0,,0,0.0108149005,3.9228497,0.6538083,6,1.1513233,0.28783083,4,3.0999413,0.7749853,4
2025-12-11 13:45:31.864391,197,Schwarzberg,train,0.1996125,4.917158,0.14196962,34.635284,0,,0,0,,0,0.0108149005,3.1295056,0.17386143,18,2.9326317,0.16292399,18,2.3668995,0.13149442,18
2025-12-11 13:45:31.912788,197,Schwarzberg,val,0.7115363,7.93634,0.52908933,15.0,0,,0,0,,0,0.010799728,3.9231987,0.65386647,6,1.1510991,0.28777477,4,3.0993237,0.77483094,4
2025-12-11 13:45:32.419780,198,Schwarzberg,train,0.19959456,4.916725,0.14195712,34.635284,0,,0,0,,0,0.010799728,3.1298742,0.1738819,18,2.9338903,0.16299391,18,2.367022,0.13150123,18
2025-12-11 13:45:32.469678,198,Schwarzberg,val,0.7114467,7.9354534,0.52903026,15.0,0,,0,0,,0,0.01078469,3.9235287,0.6539215,6,1.1508753,0.28771883,4,3.0987103,0.7746776,4
2025-12-11 13:45:32.972237,199,Schwarzberg,train,0.19957659,4.916294,0.14194468,34.635284,0,,0,0,,0,0.01078469,3.130229,0.17390162,18,2.935131,0.16306284,18,2.3671405,0.13150781,18
2025-12-11 13:45:33.023153,199,Schwarzberg,val,0.71135664,7.9345555,0.5289704,15.0,0,,0,0,,0,0.010769784,3.9238563,0.6539761,6,1.150651,0.28766274,4,3.0981011,0.7745253,4
2025-12-11 13:45:33.522572,200,Schwarzberg,train,0.19955878,4.915866,0.14193231,34.635284,0,,0,0,,0,0.010769784,3.1305804,0.17392114,18,2.936365,0.16313139,18,2.3672595,0.13151442,18
2025-12-11 13:45:33.573329,200,Schwarzberg,val,0.7112609,7.9335794,0.52890533,15.0,0,,0,0,,0,0.010755013,3.9241571,0.6540262,6,1.1504267,0.2876067,4,3.0974922,0.77437305,4
2025-12-11 13:45:34.073617,201,Schwarzberg,train,0.19954076,4.915434,0.14191984,34.635284,0,,0,0,,0,0.010755013,3.13091,0.17393944,18,2.9375756,0.16319865,18,2.3673756,0.13152087,18
2025-12-11 13:45:34.123905,201,Schwarzberg,val,0.7111638,7.932578,0.5288386,15.0,0,,0,0,,0,0.010740377,3.9244542,0.65407574,6,1.1502022,0.28755054,4,3.0968885,0.77422214,4
2025-12-11 13:45:34.625052,202,Schwarzberg,train,0.19952303,4.91501,0.1419076,34.635284,0,,0,0,,0,0.010740377,3.1312363,0.17395757,18,2.9387815,0.16326565,18,2.3674898,0.13152722,18
2025-12-11 13:45:34.673894,202,Schwarzberg,val,0.7110657,7.9315605,0.52877074,15.0,0,,0,0,,0,0.010725875,3.9247468,0.6541245,6,1.1499772,0.2874943,4,3.0962892,0.7740723,4
2025-12-11 13:45:35.170906,203,Schwarzberg,train,0.19950521,4.9145813,0.14189522,34.635284,0,,0,0,,0,0.010725875,3.131562,0.17397566,18,2.939978,0.1633321,18,2.3676026,0.13153347,18
2025-12-11 13:45:35.218694,203,Schwarzberg,val,0.7109657,7.930512,0.5287008,15.0,0,,0,0,,0,0.010711516,3.9250345,0.6541724,6,1.1497525,0.28743812,4,3.095694,0.7739235,4
2025-12-11 13:45:35.726901,204,Schwarzberg,train,0.19948748,4.914152,0.14188282,34.635284,0,,0,0,,0,0.010711516,3.1318834,0.17399353,18,2.9411678,0.16339822,18,2.367713,0.13153961,18
2025-12-11 13:45:35.778249,204,Schwarzberg,val,0.71086514,7.9294515,0.52863014,15.0,0,,0,0,,0,0.010697298,3.9253147,0.65421915,6,1.149527,0.28738174,4,3.095102,0.7737755,4
2025-12-11 13:45:36.280268,205,Schwarzberg,train,0.19946986,4.9137244,0.14187048,34.635284,0,,0,0,,0,0.010697298,3.1322007,0.17401116,18,2.9423482,0.16346379,18,2.3678236,0.13154575,18
2025-12-11 13:45:36.329045,205,Schwarzberg,val,0.7107623,7.928356,0.5285571,15.0,0,,0,0,,0,0.010683221,3.9255915,0.6542653,6,1.1493012,0.2873253,4,3.0945168,0.7736292,4
2025-12-11 13:45:36.829399,206,Schwarzberg,train,0.19945201,4.9132857,0.14185782,34.635284,0,,0,0,,0,0.010683221,3.132519,0.17402883,18,2.943524,0.16352911,18,2.367931,0.13155171,18
2025-12-11 13:45:36.879222,206,Schwarzberg,val,0.7106619,7.9272885,0.52848595,15.0,0,,0,0,,0,0.010669292,3.9258807,0.65431345,6,1.149075,0.28726876,4,3.093937,0.77348423,4
2025-12-11 13:45:37.379105,207,Schwarzberg,train,0.19943447,4.912851,0.14184526,34.635284,0,,0,0,,0,0.010669292,3.1328442,0.1740469,18,2.9447026,0.16359459,18,2.3680387,0.1315577,18
2025-12-11 13:45:37.428537,207,Schwarzberg,val,0.7105607,7.926206,0.5284138,15.0,0,,0,0,,0,0.0106555065,3.9261653,0.6543609,6,1.1488484,0.2872121,4,3.0933638,0.77334094,4
2025-12-11 13:45:37.929329,208,Schwarzberg,train,0.19941689,4.912411,0.14183256,34.635284,0,,0,0,,0,0.0106555065,3.1331718,0.1740651,18,2.945873,0.16365962,18,2.368143,0.1315635,18
2025-12-11 13:45:37.979016,208,Schwarzberg,val,0.71046096,7.9251375,0.52834255,15.0,0,,0,0,,0,0.010641867,3.9264631,0.65441054,6,1.1486214,0.28715536,4,3.0927963,0.7731991,4
2025-12-11 13:45:38.487798,209,Schwarzberg,train,0.19939916,4.9119577,0.14181948,34.635284,0,,0,0,,0,0.010641867,3.1335099,0.17408389,18,2.9470482,0.1637249,18,2.3682485,0.13156936,18
2025-12-11 13:45:38.537777,209,Schwarzberg,val,0.71036255,7.9240828,0.5282722,15.0,0,,0,0,,0,0.010628378,3.9267712,0.65446186,6,1.1483939,0.28709847,4,3.092236,0.773059,4
2025-12-11 13:45:39.037338,210,Schwarzberg,train,0.19938175,4.9115095,0.14180653,34.635284,0,,0,0,,0,0.010628378,3.1338582,0.17410323,18,2.9482262,0.16379035,18,2.3683515,0.13157508,18
2025-12-11 13:45:39.090548,210,Schwarzberg,val,0.71026576,7.923044,0.52820295,15.0,0,,0,0,,0,0.010615029,3.9270906,0.65451515,6,1.1481657,0.28704143,4,3.0916834,0.77292085,4
2025-12-11 13:45:39.610661,211,Schwarzberg,train,0.19936411,4.9110417,0.14179303,34.635284,0,,0,0,,0,0.010615029,3.134222,0.17412345,18,2.9494107,0.16385615,18,2.3684537,0.13158077,18
2025-12-11 13:45:39.663054,211,Schwarzberg,val,0.7101713,7.9220343,0.52813566,15.0,0,,0,0,,0,0.010601817,3.9274175,0.6545696,6,1.1479368,0.2869842,4,3.0911362,0.77278405,4
2025-12-11 13:45:40.172733,212,Schwarzberg,train,0.1993468,4.9105816,0.14177974,34.635284,0,,0,0,,0,0.010601817,3.134592,0.174144,18,2.9505963,0.16392203,18,2.3685553,0.1315864,18
2025-12-11 13:45:40.225976,212,Schwarzberg,val,0.7100753,7.9210005,0.52806675,15.0,0,,0,0,,0,0.010588731,3.9277403,0.6546234,6,1.1477079,0.28692698,4,3.090592,0.772648,4
2025-12-11 13:45:40.737890,213,Schwarzberg,train,0.19932915,4.910107,0.14176604,34.635284,0,,0,0,,0,0.010588731,3.1349583,0.17416435,18,2.9517746,0.16398747,18,2.3686547,0.13159193,18
2025-12-11 13:45:40.790127,213,Schwarzberg,val,0.70997983,7.919967,0.52799785,15.0,0,,0,0,,0,0.010575772,3.9280708,0.65467846,6,1.1474789,0.28686973,4,3.090054,0.7725135,4
2025-12-11 13:45:41.295643,214,Schwarzberg,train,0.19931185,4.909638,0.1417525,34.635284,0,,0,0,,0,0.010575772,3.1353326,0.17418514,18,2.952956,0.16405311,18,2.3687541,0.13159746,18
2025-12-11 13:45:41.345681,214,Schwarzberg,val,0.70988715,7.9189687,0.5279313,15.0,0,,0,0,,0,0.010562928,3.9284163,0.65473604,6,1.1472491,0.28681228,4,3.0895228,0.7723807,4
2025-12-11 13:45:41.848975,215,Schwarzberg,train,0.19929457,4.909162,0.14173876,34.635284,0,,0,0,,0,0.010562928,3.1357226,0.17420681,18,2.9541442,0.16411912,18,2.3688514,0.13160285,18
2025-12-11 13:45:41.900170,215,Schwarzberg,val,0.7097947,7.91797,0.5278647,15.0,0,,0,0,,0,0.010550198,3.928766,0.65479434,6,1.1470195,0.28675488,4,3.0889945,0.7722486,4
2025-12-11 13:45:42.409612,216,Schwarzberg,train,0.199277,4.908672,0.1417246,34.635284,0,,0,0,,0,0.010550198,3.136115,0.17422862,18,2.9553306,0.16418503,18,2.368949,0.13160828,18
2025-12-11 13:45:42.461142,216,Schwarzberg,val,0.70969975,7.9169364,0.5277958,15.0,0,,0,0,,0,0.0105375685,3.929101,0.6548502,6,1.1467897,0.28669742,4,3.0884674,0.77211684,4
2025-12-11 13:45:42.963247,217,Schwarzberg,train,0.19925976,4.9081936,0.14171079,34.635284,0,,0,0,,0,0.0105375685,3.1365004,0.17425002,18,2.9565089,0.1642505,18,2.3690457,0.13161366,18
2025-12-11 13:45:43.013252,217,Schwarzberg,val,0.70960695,7.915926,0.52772844,15.0,0,,0,0,,0,0.0105250385,3.9294496,0.6549083,6,1.1465595,0.28663987,4,3.087946,0.7719865,4
2025-12-11 13:45:43.514712,218,Schwarzberg,train,0.19924265,4.907712,0.14169689,34.635284,0,,0,0,,0,0.0105250385,3.1368961,0.17427202,18,2.9576929,0.16431627,18,2.3691409,0.13161893,18
2025-12-11 13:45:43.564264,218,Schwarzberg,val,0.7095146,7.914921,0.52766144,15.0,0,,0,0,,0,0.010512594,3.9298015,0.65496695,6,1.146329,0.28658226,4,3.0874276,0.7718569,4
2025-12-11 13:45:44.070539,219,Schwarzberg,train,0.19922525,4.9072165,0.14168258,34.635284,0,,0,0,,0,0.010512594,3.137297,0.17429428,18,2.958878,0.16438212,18,2.3692377,0.13162431,18
2025-12-11 13:45:44.122076,219,Schwarzberg,val,0.7094187,7.9138646,0.527591,15.0,0,,0,0,,0,0.010500231,3.9301376,0.655023,6,1.1460986,0.28652465,4,3.0869088,0.7717272,4
2025-12-11 13:45:44.624810,220,Schwarzberg,train,0.19920821,4.9067364,0.14166872,34.635284,0,,0,0,,0,0.010500231,3.137686,0.17431588,18,2.9600496,0.1644472,18,2.3693318,0.13162954,18
2025-12-11 13:45:44.675757,220,Schwarzberg,val,0.7093254,7.9128413,0.5275228,15.0,0,,0,0,,0,0.010487948,3.9304838,0.6550807,6,1.1458682,0.28646705,4,3.0863934,0.77159834,4
2025-12-11 13:45:45.180538,221,Schwarzberg,train,0.19919108,4.906247,0.1416546,34.635284,0,,0,0,,0,0.010487948,3.1380825,0.17433792,18,2.961228,0.16451266,18,2.3694258,0.13163477,18
2025-12-11 13:45:45.231821,221,Schwarzberg,val,0.70923066,7.9117966,0.5274531,15.0,0,,0,0,,0,0.010475733,3.93083,0.6551384,6,1.1456376,0.2864094,4,3.0858793,0.77146983,4
2025-12-11 13:45:45.739404,222,Schwarzberg,train,0.19917391,4.9057546,0.14164037,34.635284,0,,0,0,,0,0.010475733,3.1384797,0.17435999,18,2.9624057,0.1645781,18,2.3695202,0.13164002,18
2025-12-11 13:45:45.789598,222,Schwarzberg,val,0.7091352,7.910742,0.5273828,15.0,0,,0,0,,0,0.010463589,3.9311666,0.65519446,6,1.1454072,0.2863518,4,3.0853658,0.77134144,4
2025-12-11 13:45:46.292561,223,Schwarzberg,train,0.19915682,4.905265,0.14162624,34.635284,0,,0,0,,0,0.010463589,3.138869,0.17438161,18,2.963575,0.16464305,18,2.3696132,0.13164517,18
2025-12-11 13:45:46.345908,223,Schwarzberg,val,0.70903987,7.909687,0.5273125,15.0,0,,0,0,,0,0.010451508,3.9315033,0.65525055,6,1.1451765,0.28629413,4,3.0848541,0.77121353,4
2025-12-11 13:45:46.852367,224,Schwarzberg,train,0.19913958,4.904768,0.14161189,34.635284,0,,0,0,,0,0.010451508,3.1392612,0.1744034,18,2.9647453,0.16470808,18,2.3697066,0.13165037,18
2025-12-11 13:45:46.903792,224,Schwarzberg,val,0.70894074,7.9085803,0.5272387,15.0,0,,0,0,,0,0.010439481,3.9318247,0.65530413,6,1.1449462,0.28623655,4,3.0843399,0.77108496,4
2025-12-11 13:45:47.406695,225,Schwarzberg,train,0.19912276,4.904289,0.14159805,34.635284,0,,0,0,,0,0.010439481,3.1396394,0.17442441,18,2.965905,0.1647725,18,2.3697996,0.13165553,18
2025-12-11 13:45:47.456950,225,Schwarzberg,val,0.7088423,7.9074783,0.52716523,15.0,0,,0,0,,0,0.010427518,3.9321504,0.65535843,6,1.1447159,0.28617898,4,3.083829,0.77095723,4
2025-12-11 13:45:47.961686,226,Schwarzberg,train,0.19910574,4.903798,0.14158389,34.635284,0,,0,0,,0,0.010427518,3.1400223,0.17444569,18,2.9670644,0.16483691,18,2.3698936,0.13166076,18
2025-12-11 13:45:48.011541,226,Schwarzberg,val,0.7087446,7.906389,0.52709264,15.0,0,,0,0,,0,0.010415613,3.9324768,0.6554128,6,1.1444854,0.28612134,4,3.0833182,0.77082956,4
2025-12-11 13:45:48.517804,227,Schwarzberg,train,0.1990888,4.903308,0.14156973,34.635284,0,,0,0,,0,0.010415613,3.1404073,0.17446707,18,2.9682267,0.16490148,18,2.3699856,0.13166587,18
2025-12-11 13:45:48.568212,227,Schwarzberg,val,0.70864356,7.905251,0.52701676,15.0,0,,0,0,,0,0.010403763,3.9327905,0.6554651,6,1.1442549,0.28606373,4,3.0828068,0.7707017,4
2025-12-11 13:45:49.074562,228,Schwarzberg,train,0.19907199,4.902825,0.14155579,34.635284,0,,0,0,,0,0.010403763,3.140781,0.17448783,18,2.9693782,0.16496547,18,2.3700776,0.13167098,18
2025-12-11 13:45:49.125967,228,Schwarzberg,val,0.7085435,7.9041243,0.52694166,15.0,0,,0,0,,0,0.010391968,3.933108,0.65551805,6,1.144025,0.28600624,4,3.0822968,0.7705742,4
2025-12-11 13:45:49.627150,229,Schwarzberg,train,0.19905527,4.9023423,0.14154185,34.635284,0,,0,0,,0,0.010391968,3.141156,0.17450866,18,2.9705331,0.16502962,18,2.370172,0.13167623,18
2025-12-11 13:45:49.677520,229,Schwarzberg,val,0.7084398,7.902951,0.5268634,15.0,0,,0,0,,0,0.010380229,3.9334044,0.6555674,6,1.143795,0.28594875,4,3.0817845,0.7704461,4
2025-12-11 13:45:50.196010,230,Schwarzberg,train,0.19903822,4.9018526,0.14152771,34.635284,0,,0,0,,0,0.010380229,3.1415172,0.17452873,18,2.971674,0.165093,18,2.3702617,0.1316812,18
2025-12-11 13:45:50.248144,230,Schwarzberg,val,0.7083378,7.9017963,0.52678645,15.0,0,,0,0,,0,0.010368549,3.933711,0.65561855,6,1.1435648,0.2858912,4,3.081275,0.77031875,4
2025-12-11 13:45:50.753438,231,Schwarzberg,train,0.19902152,4.9013686,0.14151374,34.635284,0,,0,0,,0,0.010368549,3.1418858,0.1745492,18,2.9728198,0.16515666,18,2.370353,0.13168629,18
2025-12-11 13:45:50.804208,231,Schwarzberg,val,0.7082353,7.9006343,0.52670896,15.0,0,,0,0,,0,0.010356925,3.9340172,0.65566957,6,1.143335,0.28583375,4,3.0807667,0.77019167,4
2025-12-11 13:45:51.315751,232,Schwarzberg,train,0.19900483,4.9008837,0.14149974,34.635284,0,,0,0,,0,0.010356925,3.1422577,0.17456988,18,2.9739652,0.16522029,18,2.3704448,0.13169138,18
2025-12-11 13:45:51.368246,232,Schwarzberg,val,0.70813304,7.899473,0.5266316,15.0,0,,0,0,,0,0.010345364,3.934322,0.65572035,6,1.143105,0.28577626,4,3.0802588,0.7700647,4
2025-12-11 13:45:51.878508,233,Schwarzberg,train,0.19898805,4.900394,0.1414856,34.635284,0,,0,0,,0,0.010345364,3.142627,0.1745904,18,2.9751108,0.16528393,18,2.3705363,0.13169646,18
2025-12-11 13:45:51.930691,233,Schwarzberg,val,0.70803195,7.898328,0.52655524,15.0,0,,0,0,,0,0.01033386,3.9346333,0.6557722,6,1.1428745,0.28571862,4,3.0797539,0.76993847,4
2025-12-11 13:45:52.440956,234,Schwarzberg,train,0.19897135,4.8999033,0.14147143,34.635284,0,,0,0,,0,0.01033386,3.1430018,0.17461121,18,2.9762597,0.16534777,18,2.3706286,0.13170159,18
2025-12-11 13:45:52.494082,234,Schwarzberg,val,0.7079279,7.897139,0.52647597,15.0,0,,0,0,,0,0.010322414,3.9349318,0.655822,6,1.1426445,0.28566113,4,3.0792475,0.76981187,4
2025-12-11 13:45:53.015564,235,Schwarzberg,train,0.19895497,4.8994255,0.14145763,34.635284,0,,0,0,,0,0.010322414,3.1433663,0.17463146,18,2.9773998,0.1654111,18,2.3707204,0.13170668,18
2025-12-11 13:45:53.067459,235,Schwarzberg,val,0.7078246,7.8959618,0.52639747,15.0,0,,0,0,,0,0.010311033,3.9352312,0.65587187,6,1.142415,0.28560376,4,3.0787416,0.7696854,4
2025-12-11 13:45:53.583386,236,Schwarzberg,train,0.19893831,4.8989344,0.14144346,34.635284,0,,0,0,,0,0.010311033,3.1437335,0.17465186,18,2.97854,0.16547444,18,2.3708112,0.13171174,18
2025-12-11 13:45:53.636752,236,Schwarzberg,val,0.70772165,7.894787,0.52631915,15.0,0,,0,0,,0,0.010299711,3.9355345,0.6559224,6,1.1421854,0.28554636,4,3.0782385,0.7695596,4
2025-12-11 13:45:54.156717,237,Schwarzberg,train,0.19892192,4.89845,0.14142947,34.635284,0,,0,0,,0,0.010299711,3.1441028,0.17467238,18,2.9796834,0.16553797,18,2.3709033,0.13171685,18
2025-12-11 13:45:54.209629,237,Schwarzberg,val,0.7076194,7.8936195,0.5262413,15.0,0,,0,0,,0,0.010288452,3.9358416,0.6559736,6,1.1419554,0.28548884,4,3.0777369,0.7694342,4
2025-12-11 13:45:54.721683,238,Schwarzberg,train,0.19890556,4.897964,0.14141545,34.635284,0,,0,0,,0,0.010288452,3.1444783,0.17469324,18,2.980827,0.1656015,18,2.3709946,0.13172193,18
2025-12-11 13:45:54.773750,238,Schwarzberg,val,0.70751786,7.89246,0.526164,15.0,0,,0,0,,0,0.010277253,3.936152,0.65602535,6,1.1417252,0.2854313,4,3.0772374,0.76930934,4
2025-12-11 13:45:55.303278,239,Schwarzberg,train,0.19888888,4.897464,0.141401,34.635284,0,,0,0,,0,0.010277253,3.1448576,0.17471431,18,2.9819734,0.1656652,18,2.3710847,0.13172694,18
2025-12-11 13:45:55.363233,239,Schwarzberg,val,0.70741636,7.8913,0.5260867,15.0,0,,0,0,,0,0.010266113,3.9364624,0.6560771,6,1.1414957,0.28537393,4,3.0767379,0.76918447,4
2025-12-11 13:45:55.893864,240,Schwarzberg,train,0.19887237,4.896966,0.14138663,34.635284,0,,0,0,,0,0.010266113,3.1452365,0.17473537,18,2.9831219,0.165729,18,2.3711772,0.13173206,18
2025-12-11 13:45:55.946015,240,Schwarzberg,val,0.70731485,7.8901377,0.5260092,15.0,0,,0,0,,0,0.010255034,3.9367754,0.65612924,6,1.1412657,0.28531644,4,3.0762405,0.76906013,4
2025-12-11 13:45:56.476807,241,Schwarzberg,train,0.19885597,4.896469,0.14137228,34.635284,0,,0,0,,0,0.010255034,3.1456194,0.17475663,18,2.9842699,0.16579278,18,2.3712687,0.13173716,18
2025-12-11 13:45:56.536232,241,Schwarzberg,val,0.7072145,7.8889914,0.5259328,15.0,0,,0,0,,0,0.010244009,3.9370909,0.6561818,6,1.141036,0.285259,4,3.0757442,0.76893604,4
2025-12-11 13:45:57.055554,242,Schwarzberg,train,0.19883996,4.8959823,0.14135823,34.635284,0,,0,0,,0,0.010244009,3.146005,0.17477806,18,2.9854212,0.16585673,18,2.371361,0.13174228,18
2025-12-11 13:45:57.115901,242,Schwarzberg,val,0.7071152,7.8878555,0.5258571,15.0,0,,0,0,,0,0.01023304,3.9374132,0.6562356,6,1.1408063,0.28520158,4,3.0752506,0.76881266,4
2025-12-11 13:45:57.636026,243,Schwarzberg,train,0.19882342,4.895475,0.14134358,34.635284,0,,0,0,,0,0.01023304,3.1463969,0.17479983,18,2.9865744,0.16592081,18,2.3714519,0.13174732,18
2025-12-11 13:45:57.692698,243,Schwarzberg,val,0.7070152,7.886712,0.52578086,15.0,0,,0,0,,0,0.010222121,3.9377322,0.65628874,6,1.1405767,0.28514418,4,3.0747557,0.7686889,4
2025-12-11 13:45:58.215605,244,Schwarzberg,train,0.19880734,4.8949823,0.14132935,34.635284,0,,0,0,,0,0.010222121,3.1467853,0.1748214,18,2.9877272,0.16598484,18,2.3715441,0.13175245,18
2025-12-11 13:45:58.270375,244,Schwarzberg,val,0.70691633,7.885582,0.5257055,15.0,0,,0,0,,0,0.0102112545,3.9380572,0.65634286,6,1.1403472,0.2850868,4,3.0742636,0.7685659,4
2025-12-11 13:45:58.797477,245,Schwarzberg,train,0.19879119,4.8944826,0.14131492,34.635284,0,,0,0,,0,0.0102112545,3.1471813,0.1748434,18,2.9888842,0.16604912,18,2.371636,0.13175756,18
2025-12-11 13:45:58.853908,245,Schwarzberg,val,0.7068139,7.884403,0.5256269,15.0,0,,0,0,,0,0.010200433,3.938364,0.656394,6,1.1401179,0.28502947,4,3.0737677,0.7684419,4
2025-12-11 13:45:59.377663,246,Schwarzberg,train,0.19877511,4.8939896,0.1413007,34.635284,0,,0,0,,0,0.010200433,3.1475616,0.17486453,18,2.9900289,0.16611272,18,2.3717277,0.13176265,18
2025-12-11 13:45:59.434451,246,Schwarzberg,val,0.70671314,7.8832464,0.52554977,15.0,0,,0,0,,0,0.010189659,3.9386785,0.65644646,6,1.1398889,0.28497222,4,3.0732746,0.76831865,4
2025-12-11 13:45:59.952399,247,Schwarzberg,train,0.1987589,4.893488,0.14128621,34.635284,0,,0,0,,0,0.010189659,3.1479475,0.17488597,18,2.9911776,0.16617653,18,2.3718204,0.13176781,18
2025-12-11 13:46:00.007616,247,Schwarzberg,val,0.70661193,7.882082,0.52547216,15.0,0,,0,0,,0,0.010178932,3.9389894,0.65649825,6,1.1396595,0.28491488,4,3.0727808,0.7681952,4
2025-12-11 13:46:00.535016,248,Schwarzberg,train,0.19874282,4.8929896,0.14127181,34.635284,0,,0,0,,0,0.010178932,3.1483335,0.17490742,18,2.9923258,0.16624032,18,2.3719134,0.13177297,18
2025-12-11 13:46:00.588699,248,Schwarzberg,val,0.7065115,7.880926,0.5253951,15.0,0,,0,0,,0,0.010168248,3.9393063,0.65655106,6,1.1394309,0.28485772,4,3.07229,0.7680725,4
2025-12-11 13:46:01.106667,249,Schwarzberg,train,0.19872683,4.8924913,0.14125744,34.635284,0,,0,0,,0,0.010168248,3.1487236,0.1749291,18,2.9934766,0.16630426,18,2.3720055,0.13177808,18
2025-12-11 13:46:01.159610,249,Schwarzberg,val,0.7064114,7.8797765,0.52531844,15.0,0,,0,0,,0,0.010157607,3.9396207,0.65660346,6,1.1392022,0.28480056,4,3.0717983,0.7679496,4
